tempat_wisata,name,rating,review
Kampung Pelangi,Robita Annisa,4.0,"Sebenarnya ini bukan tempat wisata, melainkan pemukiman penduduk. Tapi, berhubung tembok rumahnya dicat warna-warni dan posisinya yang menanjak, cukup seru sih buat jalan kaki sambil ngobrol dwngan sohib atau pasangan, foto-foto di spot tertentu, dan sampai ke puncaknya. Dijamin heh hoh (kecuali rajin olahraga dan staminanya bagus, amanlah menapaki jalanan di sana). Warga di sini sudah terbiasa dengan turis domestik yang berkunjung ke Kampung Pelangi, jadi santai aja. Di sekitar kampung ini ada banyak toko tanaman dan bunga serta rangkaian bunga."
Kampung Pelangi,Kang Putra,4.0,"Kesini vibesnya mirip kampung 3D di Malang. Overall lumayan lah untuk datang kesini, parkir juga gampang di pinggir toko-toko bunga. Semoga sih tempatnya makin terawat ya biar makin nyaman jelajahnyaa"
Kampung Pelangi,Colin Coker,5.0,"Labirin tangga berwarna-warni. Orang-orang yang menyenangkan, senang memberi Anda petunjuk, atau hanya senyum ramah. Pemandangan daerah yang menakjubkan dari atas. Banyak tempat untuk duduk dan beristirahat, atau berfoto.Waktu kunjungan Hari kerja Waktu antrean Tanpa mengantre â€¦Lengkapnya"
Kampung Pelangi,Sera Santika,4.0,"Perumahan warga yg di cat warna warni, perlu effort untuk naik ke puncak supaya dapat melihat kota semarang secara landscape nya. Tangganya curam, rawan nyasar. Tapi terbayarkan kalau uda sampe atas."
Kampung Pelangi,Ipong Kezia,3.0,"Kampung pelangi.... Sebenar nya bisa di jadikan destinasi wisata di pusat kota Semarang.. Hanya sayang sekarang sudah tdk di perhatikan lagi.. Cat2 di rumah2 penduduk dan lokasi sdh pada pudar, Kebersihan area sekitar juga kurang di perhatikan"
Kampung Pelangi,WACHYU PRASETIYO,5.0,Kampungnya keren dan bisa jadi percontohan bagi kampung yang lainnya.Warganya ramah-ramah.Waktu kunjungan Akhir pekan Waktu antrean Tanpa mengantre Sebaiknya buat reservasi Tidak â€¦Lengkapnya
Kampung Pelangi,Mujiono Raiz,4.0,"Kalau ke semarang nggak mampir kesini rugi.. gak bisa membuktikan sendiri, cari oleh2 has disini."
Kampung Pelangi,Ina Filasari,5.0,Perumahan warga yang dicat dengan beragam warna. Tangga lumayan curam dan cukup lelah untuk bisa naik sampai atas. Pemandangan indah.
Kampung Pelangi,DANIA ROHMATIKA,5.0,"Bunganya bagus2, segar2. Selain buket bunga asli, juga ada artificial, boneka2 juga ada"
Kampung Pelangi,dr. Tari,4.0,Seni ... lumayan melihat rumah dicat warna warni
Kampung Pelangi,Riska Deviana,4.0,"Kampung pelangi adalah pemukiman warga biasa yang kemudian rumah-rumahnya dicat warna warni agar tidak terlihat kumuh. Kita bisa foto-foto disini dan butuh tenaga ekstra karena tangganya banyak. Warga sekitar ada yang jualan juga. Di bagian depan kampung banyak kios yang menjual bunga segar. Nyari tempat parkir agak susah, masuknya gratis."
Kampung Pelangi,G Eleazar,3.0,"Tempatnya biasa saja, hanya bagus jika dilihat dr jauh - tp kl dilihat / naik sampai atas tidak terlalu bagus kelihatannya - jadi tidak perlu repot / capek naik sampai atas sekali, namun untuk melihat pemandangan dari tengah - tepat di bawah tulisan kampoeng pelangi - cukup menarik krn bisa lihat 270 derajat. Parkiran agak susah krn terbatas di pinggir jalan"
Kampung Pelangi,Fakboi Holiday,5.0,Tempatnya bersih... rapi... nyaman... orangnya asik2... ramah...Waktu kunjungan Akhir pekan Waktu antrean Tanpa mengantre Sebaiknya buat reservasi Tidak â€¦Lengkapnya
Kampung Pelangi,Suryanti Umar,5.0,"Penasaran ama gardu pandangannya, garaÂ² temen gowes ada yg posting photo disono ğŸ˜ƒ, akhirnya karena gak kuat naik ama tenteng sepeda, sepeda dititipin di warung depan lalu naik. Wuih.... hebatÂ² penduduknya, setiap hari naik turun seperti itu... turunnya sih oke, naiknya???....."
Kampung Pelangi,Jericho,1.0,"Dulu tempatnya berwarna, terawat dan bagus banget. Sekarang ga terawat, jelek, jorok dan mengecewakan sekali. Sangat disayangkan tidak dirawat padahal tempatnya bagus untuk tempat nongkrong apalagi pas malam hari. Saran saya seharusnya dijadiin tempat makan dan tempat belanja, ini kok malah florist semua sepanjang jalan."
Kampung Pelangi,Febrian Utama,5.0,"Lucu, menghibur, tapi harus hati-hati dengan anak tangganya bila datang sehabis hujan agak licin. Orangnya ramah kok tepat buat wisata dengan tempat unik"
Kampung Pelangi,Ferinaldy Ferinaldy,5.0,"Sangat Berwarna penuh inspirasi untuk menyajikan sebuah pemukiman yang padat sehingga layak dipandang mata. Dengan bermodalkan cat yang berwarna-warni,kawasan ini menjadi berubah total sehingga menjadi tempat berswafoto bahkan sangat nyaman untuk mencuci mata anda di tengah hiruk pikik kota Semarang. Cukup bermodalkan kaki dan dan tenaga, anda akan di manja dengan pemandangan yang segar dan bervariasi warna. Untuk naik keatas anda tak perlu terburu-buru karena pemdangan setiap rumah akan mangoda anda untuk berswa foto. Let getâ€™s Hunt"
Kampung Pelangi,Wihandono Yogo,5.0,"Baru-baru ini ada wisata di Kota Semarang yang benar-benar hasil karya seni warga Semarang yang semakin terkenal dan menarik para wisatawan untuk mengunjunginya. Tempat wisata yang baru itu adalah Kampung Pelangi Semarang. Kampung Pelangi Semarang yang dibuat oleh warga Semarang dengan konsep warna-warni yang menambah satu lokasi sebagai wisata Semarang yang lagi hits. Konsep ini terbilang bukanlah suatu konsep kampung yang baru. Sebelumnya telah ada konsep serupa seperti kampung pelangi di Malang, Bandung, Lubuklinggau dan Ambarawa.Tapi bagi warga Semarang lokasi wisata seperti ini menjadi hal yang di Kota Semarang, sehingga sangat menarik para wisatawan sekitar Semarang atau dari luar Semarang untuk berkunjung ke kampung Pelangi ini. Karena lokasinya yang berada di pusat kota Semarang, menjadi salah satu daya tarik tersendiri bagi wisatawan untuk berkunjung ke kampung Pelangi, selain itu mudah dijangkau dengan angkutan umum, taxi atau oje online. Ketika Anda berkunjung ke kampung Pelangi, dari jauh sudah terlihat warna-warni rumah yang memiliki cat berwarna-warni dengan berbagai gambar dan tulisan yang menarik. Kampung Pelangi di Semarang ini termasuk baru, karena dulunya Kampung ini adalah deretan perkampungan yang bisa kumuh. Kampung Pelangi ini dibangun atau dibentuk untuk mendukung pembangunan ulang pasar bunga Kalisari yang berada tak jauh dari lokasi. Bentuk Pasar yang sudah menarik, akan kurang mendukung kalau kampung dibelakangnya masih terlihat kumuh. Dari pasar bunga Kalisari ini hanya dibatasi oleh sungai untuk dapat mencapai Kampung Pelangi. Kampung Pelangi berada di tengah kota Semarang tepatnya di Jalan Dr.Soetomo, Kelurahan Randusari, Kecamatan Semarang Selatan, Kota Semarang. Rute atau jalur unuk mencapai lokasi ini cukuplah mudah, bisa menggunakan Jasa Travel Semarang Jogja dari arah Tugu Muda menuju Jalan Dr. Soetomo (Arah RS Kariadi Semarang) kurang lebih 200 meter. Jika sudah melihat dengan deretan penjual bunga di Pasar Kalisari yang berada dipinggir jalan, disitulah lokasinya, di belakang Pasar Kalisari. Karena lokasinya yang berada ditengah kota. Lokasinya sangat dekat dengan tempat wisata di Semarang seperti Tugu Muda, Lawang Sewu dan Pusat Oleh-Oleh Pandanaran. Sehingga banyak wisatawan atau pelancong yang menyempatkan untuk mampir hanya untuk berfoto dan menikmati keindahan Kampung Pelangi ini. Untuk para wisatawan yang berkunjung ke kampung pelangi akan dikenai harga tiket masuk sebesar Rp 3000 saja, dengan biaya parkir sebesar RP 2000. Murah bukan, dengan biaya yang murah itu sudah bisa mengambil photo di lokasi kampung Pelangi. Kayaknya cukup puas berfoto selfie karena lokasi kampung Pelangi sangat instagramable untuk para muda-mudi yang suka upload photo ke sosial media"
Kampung Pelangi,Theo Harrys,3.0,Yang menjadi sasaran pengunjung biasanya menara pandang. Dibelakang makam. Jalan menuju ke atas menanjak. Gang 4 dan gang 5 yg lumayan cantik jalannya dilihat dr dekorasi cat. Sudah mulai pudar catnya. Agak kotor jalannya. Banyak warung kecil disetiap gang. Petunjuk jalan membantu dalam menunjukkan lokasi karena begitu banyak gang yang buntu. Jika lebih dirawat dan dibersihkan pasti akan lebih menarik kedepannya. Parkir di depan pasar bunga kemudian jalan kaki.
Kampung Pelangi,Maulana Ihsan Fairi,5.0,"Lokasi sangat dekat dengan lawang sewu, perkampungan bersih, dan dapat melihat view kota semaranglg dari puncak. Namun kesan warna warnj nya kurang mungkin karna cat sudah luntur. Harapannya bisa di perbarui."
Kampung Pelangi,Krishna Yuwanda,4.0,"Satu area dgn WarakKayu Micro Library dan Tepian Kafe. Dekat dengan kotaNikmati liburan dekat dengan kota &bisa sekaligus beli tanaman yg fresh, bagus dari tokonya"
Kampung Pelangi,Supriyadi Muhamad S,5.0,"Ada 5 jembatan sebagai akses masuk ke Kampung Pelangi Semarang. Beberapa di antaranya memiliki hiasan berbeda. Ada yang memakai payung, kain, bola-bola kecil, sampai lampion warna-warni. Yang jelas, semuanya sangat cantik dan fotogenik. Jangan lupa berpose di tempat ini sebagai tanda kalau kamu sudah pernah memasuki Kampung Pelangi Semarang."
Kampung Pelangi,Umi Kholishoh,3.0,"Tempat wisata murah meriah hehe, perkampungan yang di hias berwarna warni bak pelangi sedemikian rupa agar menarik orang orang untuk berkunjung, sekedar untuk ber swafoto karena tempatnya yang unik. Penduduk sekitarnya pun sangat ramah kepada pengunjung. Rute untuk menuju ke menara nya cukup menanjak dan sangat melelahkan, tapi bisa berhenti sesekali untuk berfoto di spot spot yang menarik. Tersedia juga kotak untuk pengunjung mengisi (uang) untuk perawatan atau peningkatan kampung pelangi sendiri. Tapi tidak diwajibkan, se ikhlas nya saja."
Kampung Pelangi,Irfan Priyanto,3.0,"Lokasi kampungnya tepat di belakang deretan kios pot dan bunga. Pada bagian selatan kampung, jembatannya sudah diperbaiki dan dihias serta hiasannya lebih bagus daripada kampung sebelah utara. Namun kampung sebelah utara bisa dijadikan gardu pandang bagi pecinta gedung tinggi perkotaan."
Kampung Pelangi,Rizki Utami,4.0,"Ke kampung ini sebenernya karena penasaran sebetulnya bagaimana suasana di kampung pelangi ini. Untuk tiket masuk tidak ada a.k.a GRATIS. Kalian juga bisa menemui spot foto yg telah disediakan oleh warga sana. Jangan lupa isi kotaknya untuk membantu biaya perawatannya yaa. Kalo misal haus atau lapar jangan khawatir, disana lumayan banyak warung warga yg buka. Selayaknya kampung seutuhnya. Untuk tempat cukup luas. Selain itu penunjuk arah juga jelas. Warganya ramah-ramah, saya kesana sendiri dan mereka juga membantu saya menemukan spot foto. Oiya karena penasaran sebetulnya puncaknya (yg ada tulisan Kampung Pelangi) itu kayak gimana saya kesana walaupun agak panas dan ternyata itu pemakaman hahahaha. Tapi tenang, disekitaran situ ada spot fotonya kok. Jadi kalian tetep bisa foto-foto."
Kampung Pelangi,Windi Saras,4.0,"Saat ini 19-11-2018, sedang ada pembangunan di jembatannya. Perjalanan menuju puncaknya kampung pelangi, lumayan utk latihan naik gunung. Harus sabar untuk bisa sampai puncak karena melewati banyak anak tangga."
Kampung Pelangi,Rajif Munji,5.0,Sangat baik dan sangat lah sederhana tapi menyenangkan Anda dapat berkunjung dengan teman/pacar anda kesini
Kampung Pelangi,Yurim Hatamaiya Setyorini,5.0,Sangat indah melihat pemandangan dari titik tertinggi kampung pelangi. Kita bisa melihat kota semarang dari ketinggian. Laut dan gunung dapat kita saksikan bersamaan bersamakeindahan kota semarang. Jangan lupa beli dagangan warga untuk membantu mereka.
Kampung Pelangi,Wanda Ishak,5.0,"Kampung pelangi menjadi salah satu icon wisata kota semarang,lokasinya yang strategis dan mudah dijangkau baik oleh kendaraan umum ataupun kendaraan pribadi, menjadi daya tarik sendiri bagi para wisatawan Kampung pelangi awalnya adalah perkampungan yang kumuh yang kemudian disulap oleh warganya sendiri dengan mengecat setiap rumah dengan cat warna warni. Konsep seperti ini juga ada di malang Untuk bisa sampai di sini , kita bisa parkir kendaraan di depan toko bunga, kemudian menyebrangi jembatan yg juga sudah disulap menjadi cantik"
Kampung Pelangi,Andries Ishak K,5.0,Kampung Pelangi merupakan kampung kreasi yang memuat berbagai mural didinding rumah rumah yang ada didalam kampung tersebut. Dikampung ini juga disediakan warung warung untuk para pengunjung yang melepas lelah setelah mendaki jalan menanjak dan berkeliling di Kampung Pelangi ini. Tersedia juga toilet umum yang bersih serta mushola mungil. #letsguide #letsguides #localguidesconnect #googlelocalguides #jakartalocalguides #bogorlocalguides #cirebonlocalguides #malanglocalguides #batulocalguides #bandunglocalguides #yogyalocalguides #indonesialocalguides #googlemaps #wisatayogya #wisataseniyogya
Kampung Pelangi,aziza dyah,5.0,"Kampung yang dulunya kumuh sekarang jadi bersih asri, di sungai ada ikannya banyak. Kampung ini berbeda dengan di malang,lebih ke nanjak seperti naik gunung. Kampunya asri bersih nyaman."
Kampung Pelangi,Mahaishis Kusuma,5.0,"Dulu kawasan ini adalah kawasan kumuh padat penduduk, tapi berkat goresan cat warna-warni bisa menjadi kampung yang lebih cantik. Foto ini diambil sekitar jam 1 siang, udah kek orang gila deh muter-muter kampung pelangi di tengah hari sendirian. Mataharinya berasa nempel di rambut. Tapi keramahan warga kampung pelangi bisa membuat saya seperti ditemani banyak orang. Sampe mau ditawari makan coba. Mungkin gegara liat muka yg kek gembel ini kali ya wkwk."
Kampung Pelangi,Bella Nuradilla,4.0,Ini sebenernya cuma pemukiman dataran tinggi yang dikemas secara kreatif sih. Ngga nyaranin buat orang hamil kesini karna tangganya curam2 dan licin. Petunjuk arah ada dimana mana tapi ya ttp bingung karna masuk masuk gang sempit gitu si... Dari sini bisa liat bangunan kota semaranggg.. di depan kampung pelangi banyak toko bunga juga
Kampung Pelangi,Welly Utami,3.0,"Kampung pelangi, sebenarnya tidak ada yang begitu istimewah ditempat ini, terdiri dari rumah-rumah warga yang di cat dengan berupa warna, dan sebelum masuk ke area rumah warga kamu akan menemukan banyak penjual bunga di sepanjang jalan, nah gax ada salahnya kamu beli bunga yang kamu suka terlebih dulu sebelum masuk, setangkai hanya 5ribu rupiah, bisa buat kamu pakai menjadi properti untuk mendapatkan foto-foto cantik dan selfie ala-ala kids jaman now, tidak ada biaya masuk, dan kamu harus benar-benar bisa mencari spot foto yang bagus agar mendapatkan hasil yang bagus, semakin menanjak ke rumah warga yang berada di atas akan semakin bagus pula view yang akan kamu lihat, terutama langit Semarang yang selalu biru akan menjadi objek foto yang begitu mengagumkan, bisa di cek pada foto-foto yang saya ambil ya. oyah tempat ini tidak jauh dari pusat kota Semarang so kalo lagi ke semarang sempatkan untuk mampir ya"
Kampung Pelangi,Whiend4 096,4.0,"lumayan melelahkan dan capek juga ya menuju k'menara ini mana pas pergi tadi siang2 panas menyengat belum lagi naik turun tangga yang tinggiiiii bangetZ tapi gpp lah s'enggaknya sudah +1 t4 wisata lagi yg sudah di jelajahi d'Semarang ini ğŸ˜€tapi sayang ya Spot fotonya cuma 2 itu ja cuma pemandangan liat dari bawah+tulisan wrn warni itu gk ada yg lain pdhl pas browsing d'internet+ig orng sebelumnya banyak bangetz spot fotonya, ehh sekali kita datengi kali ini sudah tak ada lagi/ktnya yg gk tauu ajjee kali yaaa dimana-dimana letak lokasinya itu ğŸ˜truss juga wrn catnya udah pada pudarrr jd tak begitu bewarna lagi lah warna cerahnya ituuuu...tapi gpp lah seenggaknya Suddah PeRNAH menginjakkan kaki juga d'sinniii ğŸ™ƒ"
Kampung Pelangi,Laurentia Hesty,4.0,CAPEKK... Tracking nya menanjak banget. Tidak dianjurkan membawa orang tua kesini. Kasihan Menurut warga sekitar sih ini dlu kampung biasa yg di cat biar menarik. Tempatnya bersih dan warganya sangat ramah. Biaya masuknya sukarela.... Salah satu destinasi yg mungkin harus di datangi kalo ke semarang
Kampung Pelangi,Fadil Ahmadhia Warman,4.0,Desa yg keren dan dgn konsep yg unik. Bisa menarik wisatawan dgn rangkaian cat rumahnya yg beragam. Capek krn naik tangga terbayarkan dg pemandangan di atasnya. Ngabisin waktu bersama teman dan keluarga cocok banget di sini.
Kampung Pelangi,Lavenda Heparvia,4.0,"Terakhir kesana karena tugas hehe. Tempatnya bagus sih, cuman perlu perawatan lagi karena ada beberapa cat yang luntur. Kalo kebersihannya, bersih kok. Gak kumuh. Ohiya karena perkampungan itu letaknya diperbukitan, jadi jalanannya naik turun. Tips kalo mau kesana gunakan sepatu yg nyaman yaaaaa ğŸ˜† Kalo mau bawa makan minum sendiri boleh, atau mau beli disana banyak warung dan harganya standar kok ga mahal. Tiket masuk pun gakada, hanya dipungut biaya parkir dan ada kotak untuk biaya perawatan suka rela. Satu lagi hahaha kalo mau naik ke atas nanti bisa nemu salah satu spot yg digambar aku. Di salah satu rumah warga di atas, yg punya uda tua, nenek dan kakek. Dipungut biaya 3000 bisa foto sepuasnya. Ada beberapa properti juga. Dah itu dulu aja hehehe ğŸ¤—"
Kampung Pelangi,Dawn Revelation,5.0,"Tiket masuk ke tempat ini adalah Rp10.000 dan pengunjung akan mendapatkan souvenir kerajinan tangan dari warga lokal. Jika kamu banyakan atau rombongan ke tempat ini, tidak tiap orang akan dikenakan biaya masuk. Saya ke tempat ini 6 orang dan hanya perlu bayar Rp20.000. Tempat ini cocok untuk melihat sunset, karena lokasi kampungnya berada seperti di perbukitan yang punya view menghadap kota semarang. Semoga fasilitas dan daya tariknya tetap terawat"
Kampung Pelangi,Suryo Sudiro,5.0,"Perkampungan yang rumah-rumah warganya dicat, diwarnai, dan dihias sebagus mungkin. Kali-nya pun bersih. Posisi perkampungannya yang sedikit menanjak menjadikan daya tarik tersendiri untuk menjadikan objek fotografi. Sangat cocok bagi teman-teman semua yang ingin mengambil foto untuk memenuhi feed Instagram kalian ğŸ˜"
Kampung Pelangi,Pramudya Bintang Perancang Gambar,4.0,"Rumah yang berwarna-warni, yang jarang/langka di kampung lainnya.SemarangNguter -Pramudya Bintang W-"
Kampung Pelangi,Desy Indria,4.0,"Bingung waktu pemesanan mbl online menuju Kampung Pelangi karena ada 2 tempat , tp yg akan saya datangi berada di jln Dr. Sutomo no. 89 Randusari kec Semarang Selatan kota Semarang , kampung Pelangi berada di belakang Pasar Kembang Kalisari , warna cat yg serasi menjadikan kampung Wonosari menjadi tempat yg cuantiq utk ber wisata"
Kampung Pelangi,Secretraveler Team,4.0,Catnya kurang bagus. Tidak ada teknik pengecatan. Sehingga sudah pada pudar. Tidak sebagus punya malang. Disini juga terlihat monoton dan tidak ada keunikannya. Disarankan untuk lansia agar tidak kesini karena areanya terus nanjak di jalan kecil dan sangat licin jika musim hujan
Kampung Pelangi,Justina WS,4.0,"Kawasan kampung di mana setiap rumahnya dicat warna-warni, dari bagian bawah hingga menjulang ke atas. Dijadikan kawasan wisata, ada beberapa spot selfie untuk berfoto-foto. Membayar tiket masuk bila ingin menjelajah hingga atas. Di bagian depannya, banyak kios-kios yang berjualan bunga."
Kampung Pelangi,Iffah Salsabila,4.0,"Saat kesana siang"" sepi bebas foto Spot foto nya jg banyak Pinter"" ngambil gambar dan kamera yang mendukung Ada spot foto yang bayar seikhlasnya tapi gambar nya bagus ga nyesel kalo bayar Boleh dicoba wisata hits Semarang iniğŸ˜ğŸ‘ğŸ‘"
Kampung Pelangi,Veni Jumila Danin,5.0,I love this place so much. Kamu tidak perlu membayar apapun disana. Kecuali parkir sii. Hehe. Akan kalian temui warga yang ramah serta mata yang akan dimanja dengan warna warni yang ditawarkan disana. Kamu bisa ambil moment selfie sepuasmu. Segala sudutnya merupakan spot foto yang bagus ğŸ’¯ Jangan lewatkan untuk naik ke atas. Itu pengalaman paling menyenangkan
Kampung Pelangi,Wintan Maharani,4.0,"Treknya lumayan banget sih, masuk ke gang kecil gitu dan agak tinggi banget jadi harus hati"" tapi warga sekitar ramah banget dan enaknya sih kesini agak sore biar ga panas banget"
Kampung Pelangi,Fidela Zahra,5.0,"Harga terjangkau, start from 25k untuk fresh flower.Waktu kunjungan Hari kerja Waktu antrean Tanpa mengantre Sebaiknya buat reservasi Tidak â€¦Lengkapnya"
Kampung Pelangi,Ditta Chi,4.0,"hanya seperti kampung pada umumnya, cuma ya dicat warna warni, tangga naiknya lumayan tinggi tinggi, awalnya bingung tentang parkir, karena di depan jalan ada seperti ruko pasar, free ga bayar, cuma ya jangan berisik karena beneran cuma jalan kecil tanggak setapak di antara rumah rumah warga"
Kampung Pelangi,Ricky Januart,4.0,"not bad,hati-hati karena tangga jalanya curam. lumayan untuk jalan-jalan sekedar menghabiskan waktu daripada menunggu kereta di stasiun semarang. hanya sekitar 300m dari tugu muda. dan 10min by ride ke stasiun tawang."
Taman Pandanaran,Rully W,4.0,"A small park in the main street of the city. Dekat dengan lapangan olah raga Tri Lomba Juang, kampus, sekolah, perkantoran dan pertokoan. Taman kecil yang asri dan sejuk. Dulu pernah difungsikan sebagai SPBU yang sangat ramai. Rapi dan bersih. Dulu sebelum covid menyerang, taman ini ramai oleh anak-anak mahasiswa, menjadi tujuan melepas penat mahasiswa unisbank saat menanti jam perkuliahan. Lokasi berada di titik temu lima persimpangan jalan Thamrin, jalan Pandanaran, dan jalan Mugas."
Taman Pandanaran,penty kumaladewi,5.0,"Taman di tengah kota Semarang, di Jln. Pandanaran. ada patung ikonik Warag Ngendog, hewan mitos yang melambangkan kerukunan masyarakat Semarang yg berasal dari berbagai Suku diantaranya Jawa, Tionghoa dan Arab."
Taman Pandanaran,Ardis Arrizki,5.0,"Sebuah penyegaran di tengah kota. Tidak begitu besar tapi cukup nyaman dengan adanya bangku, keran minum steril dan toilet. Semoga selalu dirawat agar sealu bisa menjadi tempat hijau yang segar."
Taman Pandanaran,anies syofyan,3.0,"taman Pandanaran luasnya sebenarnya tergolong kecil..tapi lokasinya strategis di jln Pandanaran, dan fungsinya sangat bermanfaat, pagi ini pas saya joging ada sekelompok ibu ibu yang lagi senam aerobik dengan iringan musik yg energik dan penuh semangat... taman juga terawat bersih..walau di salah satu sudut ada gelandang yg tertidur disitu.."
Taman Pandanaran,opiek official,5.0,taman di tengah kota semarang. bersih dan terawat.
Taman Pandanaran,Muhammad Sujadi,5.0,Taman yg asri membuat kota lumpia semakin cantik...
Taman Pandanaran,novita setya,5.0,Taman yg menonjolkan icon kota smg tercinta. Warak ngendog..nyaman buat istrht ada bangku2 dan teduh
Taman Pandanaran,Abhi Chanel,5.0,"Posisi ditengah kota,pemandangan bagus."
Taman Pandanaran,eko indriantanto,5.0,"Taman kecil yanv cukup bersih dan terawat, dan ada fasilitas air siap minumnya"
Taman Pandanaran,bambang budiharso,5.0,Lokasinya tepat di jantung kota Semarang. Cocok untuk acara kumpul-komunitas. Cocok untuk yang hobi fotografi. Parkir bisa di depan kampus Unisbank. Lokasinya berseberangan langsung dengan KFC Pandanaran. Banyak pohon peneduh yang bisa dimanfaatkan untuk bernaung di kala terik. Di dekat Taman juga terdapat supermarket. Banyak warga Semarang yanh menghabiskan waktu dan berteduh di taman ini di siang hari. Biasanya rame di sore hari. Sayang di beberapa bagian taman berbau pesing. Kran air siap minum juga tidak berfungsi.
Taman Pandanaran,Harta DR,4.0,"Taman untuk berkumpul bersama keluarga, berada di pusat kota semarang.Icon yang di tampilkan adalah patung wara ngendon sebagai salah satu simbol khas kota semarang, selain itu ada kolam hiasan yang dilengkapi dengan air mancur dan ada taman yang disebutkan oleh tanaman bunga."
Taman Pandanaran,Clara and Mama,4.0,Nggak begitu ramai orang disini. Namun bising kendaraan memang iya. Krn sebelahnya traffic light. Harap hati2 saat menyeberang. Krn jarang kendaaraan yg pelan. Agak lama mau nyeberang ke taman. Waspada tas dan barang bawaan anda. Ada toilet tetapi entah rusak atau tdk. Ada air minum siap minum tp krannya rusak semua.
Taman Pandanaran,Iskandar Zulqarnain,5.0,Taman Pandanaran tempat terbaik untuk berkumpul dengan keluarga maupun teman-teman.Tempatnya sejuk ditengah area perkotaan. Bersih karena setiap pagi selalu dibersihkan oleh petugas.
Taman Pandanaran,Fatma faidha,5.0,"tempat ini tempat kenangan,,,, tapi dulu pas belum jadi taman hehehe... taman jadi pas udah selesai kuliahnya hehehe... enak kali ya kalo pas dulu masih kuliah udah ada ini taman jadi nongki2 nya gak dipinggir jalan hahahahaha... dateng lagi kesini pas udah punya baby,,, dulu masih pacaran sekarang sudah bawa buntut... nyaman adem disini,,, siang pun gak panas banget.. apalagi ada patung warak ngendok besar anak-anak jadi tertarik,,,"
Taman Pandanaran,Must Maryoto,3.0,"Taman yg ada patung waraknya yg mrpk ikon semarang, sayang saat itu sampahnya banyak, mungkin karena belum diangkut"
Taman Pandanaran,Dhanur Alanjath,5.0,"Taman di tengah kota semarang,yang dulunya spbu,sekarang menjadi taman yang menjadi ikon kota semarang,berdiri megah patung warak,di depan persis unisbank dan perkantoran serta dekat dengan gelora tri lomba juang,sayang kolam di taman ini tampak kotor dan tidak berfungsi.taman juga tampak kotor.sayang kalau pemerintah tidak memperhatikannya,percuma kalau di buat tapi tidak di rawat,"
Taman Pandanaran,Adi Nur Fatah,5.0,"Taman Pandanaran memiliki sebuah patung yang melambangkan kota Semarang, yaitu patung berkepala Naga dan berbadan Kambing. Konon itu adalah gambaran penduduk kota Semarang secara umum, yaitu banyaknya orang jawa digambarkan dengan kambing dan juga banyaknya orang china yang di gambarkan dengan kepala naga."
Taman Pandanaran,THE DHON,5.0,"Bersih , ada tambal ban murah d dekat taman"
Taman Pandanaran,Julia Alviana (Juke),5.0,Taman tengah kota nih... Ada ikon warak ngendok... Lumayan bersih tempatnya... asik buat nongkrong... deket kfc sama kampus unisbank... buat main skateboard juga bisa... ada tempat parkir motornya... Pagi dan malam lumayan rame buat nongkrong
Taman Pandanaran,esti fifa,4.0,Taman kota Di tengah kota Ada sebagian lokasi untuk tempat parkir motor dan mobil Suasana nyaman Asri Ada tempat sampah Ada juga tempat air langsung minum Cocok untuk sekedar refresh buat keluarga Ada air mancur
Taman Pandanaran,Bambang Haryanto,5.0,Lumayan bersih dan nyaman untuk sekedar duduk duduk setelah jalan jalan pagi di sepanjang jalan pandanaran hingga simpang lima
Taman Pandanaran,daniel aditya,3.0,"Taman cukup rindang.. Tetapi fasilitasnya rusak Sayang euy udah dibiayai sama pendapatan daerah tapi zong Setau saya taman taman di smg disediakan wifii gratis, tapi di taman ini tidak ada wifii nya Dan sering kalau pagi, kursi2 dijadikan tempat tidur beberapa orang.. Sofar yg lainnya ok sih.. Kamar mandi ada, tapi nda berani coba..hehe Sofar semarang bayak berubah dari smg yg dulu. Membuat sesuatu itu mudah karena ada uang, tetapi mempertahankan dan memelihara nya lah yg perlu effort tinggi.. Salam semarang kota Atlas dan semarang hebat"
Taman Pandanaran,ayu megawati,5.0,"Keren.... udh ada air siap minum, buat yg dateng dr jauh pas kehabisan air minum lgsung bs ambil di taman ini, bersih buat nongkrong jg enak, buat kumpul2 sama tmn2 atau komunitas jg nyaman bgt, deket sama swalayan ga susah cari makanan atau minuman"
Taman Pandanaran,Supriyanto Supriyanto,4.0,"Taman Pandanaran terletak di pusat kota dekat Simpang Lima kota Semarang dgn icon patung Warak ngendog. Warak Ngendog adalah penggambaran gabungan dari tiga hewan yaitu naga, kambing dan buroq lambang pemersatu tiga etnis utama yang mendiami Kota Semarang, yakni Tionghoa, Jawa dan Arab. Taman yg asri dan tertata ditengah kota ini nyaman untuk waktu pagi dan sore hari krn sdh dilengkapi air mancur, bangku2/ tempat duduk dan area yg cukup luas untuk bermain. Dan setelah jogging istirahat disini, wow mantap."
Taman Pandanaran,IRFAN Cool,4.0,"Taman pandanaran adalah taman yang Indah berada di kota semarang selatan. Taman ini juga terdapat patung icon khas semarang yaitu patung warak ngendog yang mana dalam patung ini memiliki nilai budaya yang aneka ragam sesuai dengan kota semarang yang penduduknya budaya plural. Sayangnya, jalan pandanaran selalu macet parah membuat akses sedikit lambat."
Taman Pandanaran,Ardian Murdianto,5.0,"Dulu sebelum jadi taman, tempat ini adalah SPBU. Dan sekarang beralih fungsi menjadi ruang publik. Akses ke taman Pandanaran sangat mudah, bisa dijangkau dengan angkot, Trans Semarang ataupun ojek online. Terlebih lagi lokasinya di Jl. Pandanaran pusat kota dekat Simpang 5 dan pusat oleh-oleh Pandanaran Semarang. Oiya di taman ini juga ada Warak juga, warak adalah hewan mythology dari Semarang. Tapi disini tidak ada 'endognya'. So don't miss it bosku..."
Taman Pandanaran,Mirza Muhammad,5.0,"Tamannya bersih, malam hari jarang terlihat orang yg ada di taman. Lalu lintas depan taman cukup ramai saat liburan. Cocoklah klo buat merenung sendirian karna penat"
Taman Pandanaran,Acim Ciamik,3.0,Sayang ga terawat..
Taman Pandanaran,D.C. Agus Setyawan,5.0,"berlokasi di tengah Kota Semarang, taman ini menjadi oase ditengah hiruk-pikuknya masyarakat kota yang beraktivitas. dahulunya tempat ini adalah stasiun pengisian bahan Bakar (SPBU) yang dikelola swasta dan berdiri di atas tanah milik pemerintah kota semarang, namun selanjutnya difungsikan sebagai taman dengn memiliki ciri khas patung Warak Ngendog sebagai maskot budaya kota semarang"
Taman Pandanaran,Roiza abiy Zhafran,5.0,"Bola basket (bahasa Inggris: basketball) adalah olahraga bola berkelompok yang terdiri atas dua tim beranggotakan masing-masing lima orang yang saling bertanding mencetak poin dengan memasukkan bola ke dalam keranjang lawan. Bola basket sangat cocok untuk ditonton karena biasa dimainkan di ruang olahraga tertutup dan hanya memerlukan lapangan yang relatif kecil. Selain itu, permainan bola basket juga lebih kompetitif karena tempo permainan cenderung lebih cepat jika dibandingkan dengan olahraga bola yang lain, seperti voli dan sepak bola. Ada 3 posisi utama dalam bermain basket, yaitu : 1) Forward, pemain yang tugas utamanya adalah mencetak poin dengan memasukkan bola ke keranjang lawan, 2) Defense, pemain yang tugas utamanya adalah menjaga pemain lawan agar pemain lawan kesulitan memasukkan bola, dan 3) Playmaker, pemain yang menjadi tokoh kunci permainan dengan mengatur alur bola dan strategi yang dimainkan oleh rekan-rekan setimnya."
Taman Pandanaran,Fadil Iskandar,5.0,Taman Pandanaran jadi alternatif buat nongkrong sama teman atau keluarga..
Taman Pandanaran,Cahyo Fajar Adhiningtyas,5.0,"Taman kota dimana berbagai komunitas sering berkumpul, sangat cocok untuk nongkrong bersama teman, dekat dengan fasilitas publik lainnya & ada patung maskot kota semarang setinggi 3 meter"
Taman Pandanaran,Ismoyo Cahyo,4.0,Bisa jadi tempat untuk istirahat sejenak jika kita olahraga lari. Ada tempat duduk nya
Taman Pandanaran,La Nina,4.0,"Taman yang terletak di tengah kota, disini dulunya SPBU. Tapi sayang kurang perawatan ğŸ˜‘"
Taman Pandanaran,Niken Safitri,3.0,"Bagus sih tpi Tempatnya kurang bersih, kamar mandinya jorok bnget,, ada sampah menumpuk di taman. Mohon untuk lebih diperhatikan lagi tamanya ğŸ™"
Taman Pandanaran,tende,3.0,"lumayan bagus taman tengah kota ini, cuma sayang fasilitas tidak dirawat dgn baik. sempet gumun ad tempat buat ngambil minum ala eropa yg model kran..eee pas dicoba ZONK!HahaHa"
Taman Pandanaran,Arikho MRY,5.0,"Nyaman untuk bermain anak anak. sedikit masukan untuk pemkot, di taman pandanaran ada kran air siap minum tapi tidak berfungsi. Terima kasih.."
Taman Pandanaran,agoes aryan,5.0,Tamannya tertata dengan baik..dan nyaman sayang fasilitas air siap minumnya mati
Taman Pandanaran,Nasirullah Sitam,4.0,"Tempatnya tidak besar, ada beberapa orang menjadikan tempat ini sebagai lokasi olahraga pagi. Tidak jauh di sana, ada embah-embah yang jualan bunga."
Taman Pandanaran,Irvan M.,4.0,"Lewat di sini malam hari waktu jalan ke Simpang Lima, oke sih buat istirahat sejenak"
Taman Pandanaran,miftahul triawan,5.0,"Tempat nya Sangat menarik, bisa nyantai di taman ini"
Taman Pandanaran,stevanus christian,5.0,Taman ditengah kota ada ikon kota semarang
Taman Pandanaran,otniel kristanto,3.0,Untuk santai dekat dengan pusat kota. Cukup untuk tempat berteduh dari panas terik.
Taman Pandanaran,Bumiku Ungu,5.0,"Taman yang terletak ditengan kota Semarang. Taman ini dahulunya adalah SPBU, oleh Pemerintah kota dirubah menjadi taman kota. Taman ini sangat cocok untuk bersantai sambil menikmati susasana kota Semarang. Cocoknya datang ke taman ini diwaktu pagi hari atau sore hari, karena matahari tidak terlalu terik. Cocok juga kalau mengajak anak kecil ditempat ini. Tempar ini juga sangat dekat dengan GOR Tri Lomba Juang Semarang. Kalau mau berolahraga bisa langsung meluncur."
Taman Pandanaran,Setia Online (Krist),4.0,"Taman multi fungsi ini bisa utk duduk santai bersama keluarga atau teman, klo pas hari libur biasanya jam 6 pagi ada senam aerobic atau zumba dg bea 10k per sesi."
Taman Pandanaran,Je Ye,4.0,Taman yg sejuk di tengah kota yg panas bila siang hari... namun disekitarnya banyak resto & warung makan
Taman Pandanaran,Iboezz Zindhess,5.0,Taman padanaran ini persis diujung pertigaan jln mh.tamrin..depan kampus..tempat kumpulnya anak2 kuliah..
Taman Pandanaran,Wulan Oca,2.0,"T4 ny sie panas.., tp mending lah.., cz ad tanaman ny.., jd agk seger dikit..ğŸ˜…"
Taman Pandanaran,Veronica Phero,3.0,Hanya Kurang fasilitas untuk bermain anak2 yg belum ada.
Taman Pandanaran,M Nur Fadila,5.0,Wifi Gratisnya lumayan cepet dan cocok utk pelajar yang mengerjakan tugas
Semarang Chinatown,nur indah lestari,5.0,"Salah satu tempat favorite yg wajib dikunjungi kalo lagi wisata ke Semarang, menyediakan aneka makanan (mayoritas makanan ringan/street food) dengan rasa yg dijamin enak..untuk yg muslim harus selektif krn disini juga menyediakan makanan non halal..tapi makanan yg halal juga banyak kok,, HTM gratis, hanya bayar parkir motor saja.."
Semarang Chinatown,fuadul fakhir,5.0,"Pecinan Semarang sebelum tahun baru Imlek, semenjak covid masih sepi. Yang dulunya ramai akan pengunjung dikala weekend. Tapi sudah berangsur mulai kembali, perjalanan kali ini mengunjugi Mie Ayam legendaris di Pecinan yang tidak pernah sepi akan pengunjung"
Semarang Chinatown,Ibrohim Hanafi,4.0,"Hanya lewat saja, siang hari nggak rame.Daerah padat dengan toko dan pedagang yg didominasi orang keturunan china.Waktu kunjungan Akhir pekan Waktu antrean Tanpa mengantre Sebaiknya buat reservasi Tidak â€¦Lengkapnya"
Semarang Chinatown,hendry prabowo,5.0,Kebetullan ada perayaan kue bulan di klenteng daerah cap kaw king serasa berasa di china town sewaktu imlek.Waktu kunjungan Akhir pekan Waktu antrean Tanpa mengantre Sebaiknya buat reservasi Tidak â€¦Lengkapnya
Semarang Chinatown,Tedy Himawan,5.0,"Njajaaaan malam sabtu malam minggu ,aneka jajan macam2 rata2 20rban keatas perporsi jajan.Waktu kunjungan Akhir pekan Waktu antrean Tanpa mengantre Sebaiknya buat reservasi Tidak yakin â€¦Lengkapnya"
Semarang Chinatown,Nad's Journey,3.0,"Kebanyakan yg dijual disini Chinese food, meskipun gk semua. Ada beberapa makan unik, tapi harganya lumayan mahal.Waktu kunjungan Akhir pekan â€¦Lengkapnya"
Semarang Chinatown,Bram Luska,5.0,"Pecinan Semarang sebentar lg akan d mulai lagi event kuliner malem Semawis, tgl 27 mei , jumat-sabtu minggu 18.00 s/d 22.00Waktu kunjungan Hari kerja Waktu antrean Tanpa mengantre Sebaiknya buat reservasi Tidak â€¦Lengkapnya"
Semarang Chinatown,faizabi,5.0,Buka kembali setelah pandemi. Mengobati rasa rindu masyarakat Semarang. Mantap tetap semangat kawan-kawan.Waktu kunjungan Akhir pekan Waktu antrean 30-60 mnt Sebaiknya buat reservasi Tidak â€¦Lengkapnya
Semarang Chinatown,Jordan Jalil,2.0,"Belum rekomended lagi setelah 2 tahun tutup, rame banget dan pilihan makannnya masih sepi jadi tepi bag kanan dari arah masuk masih jarang jarang..."
Semarang Chinatown,Lia lia,5.0,ada bubur manis bu rini deket gapura pecinan....enak bgtttt dimasak secara tradisional. wajib coba!Waktu kunjungan Hari kerja â€¦Lengkapnya
Semarang Chinatown,Yure Hiko,2.0,"Tempatnya bagus, tapi harga makanan kelas street food di sini termasuk mahal. Overprice malah ğŸ˜… Parkir motor 5 ribu."
Semarang Chinatown,Gladi Togar,5.0,Malam hari sangat padat pengunjung. Surganya kuliner & jajanan
Semarang Chinatown,F M,3.0,"Daerah Pecinan Semarang, siang jadi pusat pertokoan, tapi masih terasa agak kumuh kalau jadi tempat wisataWaktu kunjungan Hari kerja Waktu antrean 10-30 mnt Sebaiknya buat reservasi Tidak â€¦Lengkapnya"
Semarang Chinatown,Firda Aulia,4.0,"Rame polll, ga kuat bgt nunggu antriannyaa :("
Semarang Chinatown,endah windiastuti,5.0,Banyak banget jajanannya dan ruame pol
Semarang Chinatown,Andries Ishak K,5.0,"Kawasan Pecinan Semarang yang berada di daerah Kauman Semarang ini seolah tidak pernah tidur. Jika siang hari kawasan ini tampil sebagai kawasan perdagangan aneka ragam niaga mulai dari toko kelontong, toko emas dan banyak lagi ragam toko lainnya disini, maka dimalam hari tepatnya mulai jam 6 sore, saat toko - toko teraebut mulai menutup pintu perdagangannya mulailah bermunculan meja - meja lipat, kursi - kursi plastik, juga tenda - tenda kios kecil yang bertuliskan Pusat Jajan Kuliner Semawis. Ternyata mulai jam 6 sore setiap harinya bangunlah sebuah Pasar Malam Semawis di kawasan Pecinan tersebut. Beraneka ragam jajanan kuliner dijajakan disana mulai dari seafood, jajanan ala Singapura Hongkong, bahkan Italia. Minuman sehat hingga minyak gosok ada disana. Dibeberapa tempat ada juga penjual perhiasan mulai dari cincin, gelang hingga kalung. Bahkan ada dua trnda yang menjajakan meramal dengan baca garis tangan dan kartu tarot. Begitu ramainya dan semarak antusias para pengunjung untuk mendatangi Pasar Semawis ini untuk jajan kuliner, perhiasan, mainan atau bahkan hanya berjalan jalan menikmati suasana yang ramai disini. Enggan rasanya untuk meninggalkan kawasan ini, tetapi aetelah jam 11 malam kawasan ini berangsur sepi dan kami meninggalkan tempat ini setelah cukup puas berjalan jalan disini. Mohon klik ğŸ‘ jika anda menyukai review ini. Terima kasih."
Semarang Chinatown,Retno Heny,5.0,"Ramai tiap jumat sampai minggu. Disini tempatnya kalau kalian suka wisata kuliner. Ada seafood, es buah, es krim, makanan china, jajanan impor dari china, pork, sosis bakar, takoyaki, dan masih banyak lagi. For your information kalau kalian beli makan disini kebanyakan tempat duduknya penuh jadi ya jangan kaget kalau kalian nanti bakal makan atau minum sambil berdiri."
Semarang Chinatown,redtesha,5.0,"Pengalaman yang sangat menyenangkan. Tempatnya rapi, saya tidak lihat sampah berserakan. Tempat sampah juga cukup banyak. Oh menu yang ditawarkan juga variatif. Saya tertarik mencoba sate Babi dari Cik Lian. 60 ribu dapat 10 tusuk, rasanya enak banget! Kalau mau halal, ada menu lain seperti pisang plenet yg menjadi khas Semarang. Tapi saya kurang suka hehee.. 5/5 dari saya. Sempurna!"
Semarang Chinatown,Heny Andriana,5.0,"Sebuah kompleks kawasan yang menjadi rujukan wisata kota semarang. Selain memiliki historis yang menarik, kawasan pecinan juga memiliki ciri khas yang unik dimana kawasan pecinan selalu ditandai dengan rumah2 yang memiliki atap mirip pelana kuda dibagian sampingnya yang masih terjaga keasliannya serta banyaknya bangunan klenteng dengan usia ratusan tahun. Selain itu dikawasan ini, juga dijadikan salah satu pusat kegiatan ekonomi (salah satunya adalah pasar tradisional semawis)."
Semarang Chinatown,Bambang Irwanto Soeripto,5.0,"Asyik ke tempat ini. Nuansa pecinan sangat terasa. Saya ke sini naik becak dari pusat oleh-oleh dekat Lawang Sewu., pas malam minggu. Pecinan dibuka habis magrib dan tutup katanya pukul 12 malam. Berbagai makanan dijual di sini. Dari yang halal, sampai non halal bagi muslim. Sambil menikmati suasana pecinan yang bangunan masih ada nuansa tempo doeloe."
Semarang Chinatown,rinta Saja,4.0,"Kulineran malam yang ada hanya malam Sabtu-Senin jam 18.00 makanan lumayan.lengkap, sayangnya tempat duduk sering kurang"
Semarang Chinatown,A to Z Pudding,5.0,"Setiap akhir pekan diadakan Semawis, pusat kulineran di daerah Pecinan Semarang. Tepatnya disepanjang Jl. Gg Warung. Sempat tutup ketika pandemi covid. Tapi sekarang sudah buka kembali dengan konsep yg berbeda. Pengunjung tidak disediakan meja kursi untuk makan. Penjual menjajakan makanan di food truck.Waktu kunjungan Akhir pekan Waktu antrean Tanpa mengantre Sebaiknya buat reservasi Tidak â€¦Lengkapnya"
Semarang Chinatown,Agus Pamungkas,4.0,Pasar yang buka setiap hari jumat sabtu dan minggu malam. Terdapat berbagai macam jajanan pasar maupun jajanan kekinian. Harganya lumayan murah. Dan cumi bakarnya sangat enak dan harus dicoba
Semarang Chinatown,Iiqhue,3.0,"Di kawasan ini banyak sekali pusat kuliner, seperti pasar semawis yg hanya buka weekend serta lumpia gang lombok yang legendaris. Suasana chinesenya masih kental sekali. Namun kebersihan kurang terjaga. Juga kesan semrawut dan macet yang tak bisa dihindari. Banyak pula klenteng dan kebetulan pas aku kesana sedang ada pertunjukan barongsai. Jika siang hari terasa sangat gerah."
Semarang Chinatown,One Stop Store Jakarta,5.0,"Surganya kuliner mantappp... Apa aja ada deh disini. Mulai dari halal, sampai non-halal. Hampir semua stand bisa pakai Go-pay dan cashback 30%. Tapi max cuma Rp 5.000 cashbacknya ğŸ˜“. Ada banyak pilihan makanan, mulai dari cemilan sampai makanan berat. Hotdog kentang, tteokki, bakcang, masakan manado, bubur ceker, roti bakar, zupa sup, gudeg, soto, bakso, nasi campur, chinese food, jus, berbagai macam es, dll.."
Semarang Chinatown,Vincentia B. Nevayesiana,5.0,"Suka banget sama suasana dan hiruk pikuknya. Waktu ke sana waktu udah dibuka. Ramai, wangi banyak makanan enak, minumannya juga seger-seger. Tinggal pilih mau yang seperti apa.Waktu kunjungan Akhir pekan Waktu antrean Tanpa mengantre Sebaiknya buat reservasi Tidak â€¦Lengkapnya"
Semarang Chinatown,Dapur Alit,5.0,"Bagus tempatnya, penjual makannya banyak, enak enak, harga terjangkau, tinggal milih ada live music, sambil duduk manis makan dengerin music, melihat lalu lalang irang orang"
Semarang Chinatown,Braga Suketi,5.0,"Salah 1 destinasi lokasi yg di bilang lama,, sama kayak semarang kota lama. Yg dimana,, semua makanan, sovenir, dll khususnya yg menyangkut etnis tionghoa,, ada di kota semarang PECINAN. Di semarang kota lama ada gedung tua & gereja blenduk yg terkenal. Di PECINAN tak mau kalah dengan klentengnya yg tersohor,, salah 1nya kapal panglima CENG HO yg bersandar di dekat klenteng."
Semarang Chinatown,Deta Widyananda,5.0,"Temapt ini memang seperti pasar jadi terlihat kumuh, tapi dibalik semua itu punya sejarah yang sangat menarik. Dan biasanya pada hari jumat-minggu jadi tempat untuk menajajkan makan yang dinamakan Semawis."
Semarang Chinatown,David Siregar,3.0,"Mantap...pokoknya kesini gagal dietAda banyak makanan non halal dan makanan halalMurah meriah, ada banyak pilihan. Wisata makan malam kayaknya cocok di sini tinggal pilih makanan atau minuman kesukaan yang cocok sesuai pilihan lidah kita"
Semarang Chinatown,Yohanes Kuswobroto,4.0,"Tempat ini menyediakan berbagai macam kebutuhan rumah tangga , obat , kuliner dll dng harga yg terjangkau , ayo kunjungi pecinan semarang ."
Semarang Chinatown,MBOK LEMU Belanak Ngendoq & Ramesan,5.0,ikan belanak dan nasi ramesan plus sambal mentah josss .... tenanWaktu kunjungan Hari kerja Waktu antrean 10-30 mnt Sebaiknya buat reservasi Ya â€¦Lengkapnya
Semarang Chinatown,vera dwi purwandani,5.0,Disini terdapat jajanan jajanan yang enak enak sekali setiap malam hari dari magrib setiap hari jumat sabtu minggu . Cocok untuk melepaskan penat dan hangout bersama keluarga. Adik. Pacar maupun teman . Terdapat banyak pilihan makanan dari yang halal sampai non halal . Banyak jajanan kekinian juga . Ada seafood untuk pecinta seafood seperti saya . Recomended jajanan enak tinggal pilih .
Semarang Chinatown,Andreas Oktavianus,5.0,"Ramai, banyak kuliner nyaWaktu kunjungan Akhir pekan Waktu antrean Maks 10 mnt Sebaiknya buat reservasi Tidak â€¦Lengkapnya"
Semarang Chinatown,indra setiawan,5.0,"Semawis terletak dikawasan pecinan. Buka mulai hari jumat sore hingga minggu malam. Disini menjual berbagai makanan, mulai dari makanan tradisional seperti siomay hingga makanan modern seperti es kepal milo. Selain makanan juga dijual berbagai macan cemilan sehat dengan harga yang bervariasi."
Semarang Chinatown,Nana Krisnadi,4.0,Harga agak mahalKrn kualitas no 1Tempat kurang rapi dn kurang bersihTp masih aman terkendali
Semarang Chinatown,Dina,4.0,Makanan nya cukup bervariasi.Tapi untuk rasa makanan memang agak kurang.Waktu kunjungan Akhir pekan â€¦Lengkapnya
Semarang Chinatown,Linda Christi,5.0,"Suasananya rame banget,orangnya juga ramah,trus benar2 seperti kampung cina,hubungan harmonis antar umat sangat terlihat,etnis pecinanan juga terpelihara yang baik ga aneh banyak yang kesana...."
Semarang Chinatown,Jo Sbagja,3.0,Suasana di jam 8 pagi.Andaikan area ini mjd daerah pariwisata dan tradisional market yg mpy nilai jual ekonomi pariwisata.
Semarang Chinatown,John Castiglione,5.0,"Banyak pilihan makanan, mangganya segar + sate B2 manadonya enak ğŸ¤™"
Semarang Chinatown,Vito T Putra,5.0,"Saya selalu kesini saat subuh untuk belanja sayur dan daging, harga terjangkau karena banyak pedagang yang berbelanja disiniBaik dari katering / restoran / hotel / warung makan bahkan pedagang sayur keliling biasanya kulak disini lur"
Semarang Chinatown,Tony Setiawan,4.0,"Tempat yg asik utk berburu kuliner, banyak sekali pilihan kuliner semarang disini, mantap"
Semarang Chinatown,Talitha Kumala,5.0,Makanannya enak2...suasana dan tempat yg khas pecinanWaktu kunjungan Akhir pekan Waktu antrean Maks 10 mnt Sebaiknya buat reservasi Tidak â€¦Lengkapnya
Semarang Chinatown,okky octavia ratna sari,5.0,"cocok untuk kalian yang mencitai jajanan kaki lima, super lengkap dari makanan ringan sampai berat, beragam makanan dn minuman yang sedamg populer, yah tapi siap siap bawa uang banyak ya, memang kaki lima tapi rata rata 1 porsi 15k."
Semarang Chinatown,Agung Himawan Dwi Harto,5.0,"Kawasan ini selalu ramai di hari Jumat, Sabtu, dan Minggu. Bagi pecinta kuliner tempat ini sangat cocok untuk didatangi pas weekend dari jam 6 hingga jam 10 malam. Jangan lupa kalau ke sini mampir ke stan pangsit mayo ya."
Semarang Chinatown,Vapesoc. id,5.0,Tempat yang nyaman untuk jalan jalan menikmati kota semarang dengan nuansa china town ğŸ¤—
Semarang Chinatown,Alexu Alexis,5.0,"Enak , banyak pilihan makanan , Harga bervariasi dari 5k sampai 50k++ . Tempat untuk duduk dan menyantap makanan kurang banyak , karena banyak sekali yang datang."
Semarang Chinatown,Kula Rikza,4.0,Setiap hari jumat sabtu minggu malam ada semacam festival
Semarang Chinatown,Kenanga Art,5.0,Kawasan kuliner kota semarang banyak pilihan jajanan dan snack selain itu jjuga banyak pilihan makanan unik dan enak
Semarang Chinatown,Zabeth N W,5.0,"Makanannya enak-enak. Jual makanan ringan maupun berat. Minumannya juga beragam. Sayangnya ke sini waktu sebelumnya hujan. Jadi tidak semua stand buka. So far so good. Kalau ke Semarang mau ke sini lagi. Recommended buat yang bingung cari tempat jalan waktu malming. Atau yang mau cari kuliner khas Semarang bisa nihh. ğŸ˜‰ Salah satu yang kucoba adalah tahu gimbal. Bumbunya kerasa, gimbalnya kriuk.. kriuk.. ğŸ˜"
Lawang Sewu,tikno Tikno,4.0,"Area bekas perkantoran yg luas menurut aku, semua masih terawat. Jadi masuk harus beli tiket dulu, lalu disitu ada petugas yg menawarkan sebagai jasa pemandu. Tdk pakai jg tidak apa. Bangunan ini garis besarnya berpola letel o, artinya punya halaman yg luas ditengah tengah bangunan yg mengelilinginya (utara,selatan,barat,timur) saya justru tertarik dgn bangunan toiletnya. Yg masih terawar sampai alat klosetnya. Kloset utk kencing pria dgn model berdiri yg panjang dari atas kebawah. Aa bangunan yg khusus utk souvenir, juga sewa kostum buat foto nuasa eropa, jepang, jawa jadul. Ada bangunan utk musium. Lingkungan yg asri dan rapi, bersih. Dihalaman tengah ada semacam kulinernya, juga sewa sepeda liatrik, Live musik solo. Jangna khawatir yg mau sholat juga tersedia musholanya juga."
Lawang Sewu,Adi Fajaryanto,5.0,"Kemarin kesini waktu hari kerja, suasana tenang, leluasa menikmati sejarah yang ada disini. Untuk masuk kesini harus bermasker dan check in di aplikasi peduli lindungi. Harga tiket masuk tergantung golongan. Ada anak anak dan dewasa. Tempatnya bersih meski bangunan lama. Cocok untuk membawa anak anak untuk mengenali sejarah Lawang Sewu. Apabila merasa lelah, disediakan scooter dengan biaya sewa mulai 35rb per 15 menit. Oya disini tidak tersedia lahan parkir, untuk parkir bisa menggunakan lahan lahan disekitar lokasi Lawang Sewu."
Lawang Sewu,Yuan Fajar Prasiswayani,5.0,"Tempat wisata terkenal di kota semarang yang sangat menerapkan protokol kesehatan. Tidak hanya mengandalkan wisata sejarah, di dalamnya terdapat stand kuliner dan live music. Tempatnya bagus untuk background foto. Lokasinya strategis di jantung kota semarang. Sebelah tugu muda semarang. Untuk parkir mobil bisa menggunakan tempat parkir DP Mall yang berada di sebelah utara lawang sewu atau kantong parkir di sebelah selatan lawang sewu. Tempat ini sangat cocok untuk para pelancong yang akan merasakan tempat wisata seru di kota semarang bersama teman ataupun keluarga besar."
Lawang Sewu,Rizki Ilham,4.0,"Wisata wajib dikunjungi jika ke semarang, bangunan bersejarah yang menjadi ikon kota semarang, kesan angker sudah tidak terlihat disini, bangunan yg keren untuk dijadikan spot foto menarik... Masa pandemi pengunjung wajib memiliki aplikasi pedulilindungi untuk cek in kesini, tiket masuk dewasa 20k dan anak anak 10k"
Lawang Sewu,ahda amila sholiha,5.0,"Tiket masuk dewasa 20rb per orang, saran sih pake tour guide krn biar muter2 tau tujuan mau kemana, kmrn bayarnya 100rb udh termasuk di fotoin d spot2 yg okeWaktu kunjungan Hari kerja Waktu antrean Tanpa mengantre Sebaiknya buat reservasi Tidak â€¦Lengkapnya"
Lawang Sewu,Nur Insani,5.0,Tempat bersejarah ini sangat unik dan menarik hampir tidak ditemukan yg serupa ditempat lain. Ini pertama kalinya sy mengunjungi nya namun peristiwa kecil yg menarik jadi pengalaman berharga bahwa jika ingin masuk rumah ucapkan salam atau permisi . Tempat bersejarah ini patut untuk dikunjungi yg paling sy suka tempat ini ada du pusat kota semarang
Lawang Sewu,Prima Kinanti,5.0,"Terakhir kunjungan kemari sekitar 10 tahun yang lalu. Banyak berubah, kesan horor sudah sama sekali tidak terasa karena banyaknya lampu. Saya dan teman memakai tour guide dengan harga 75 ribu dan katanya tidak boleh ditawar, nanti rejekinya ditawar jugağŸ˜…Padahal kan wajar orang nawar.ğŸ˜† Tour guide di Lawang Sewu sudah tidak digaji perbulan, jadi freelance atau mengandalkan pengunjung yang menggunakan jasanya saja. Ada CFC juga di dalam, jadi setelah keliling bisa singgah dan makan. Masukan untuk pengelola alangkah baiknya kalau diberikan pelatihan memotret atau mungkin potret berbayar untuk menambah pemasukan tour guide."
Lawang Sewu,Esa Wicaksana,5.0,"Ikon kota semarang, bangunan peninggalan belanda yg di buat untuk kantor perusahaan kereta api apa jamannya. Untuk saat ini dijadikan wisata edukasi. Bangunan terawat dgn baik, kemarin kesana ada live music dan byk both jajanan. Ramai tidak terlihat seramWaktu kunjungan Hari kerja Waktu antrean Tanpa mengantre Sebaiknya buat reservasi Tidak Tempat parkir Tempat parkir sulit ditemukan â€¦Lengkapnya"
Lawang Sewu,lutfi yusuf,5.0,"Tempat sejarah yang bagus, baru pertama kesini dan karena gak pakai pemandu jadi cari taunya googling hehehe, lumayan 100rb buat makan, oh ya disana juga disewakan scooter buat anak dan dewasa harga 35rb per 15 menitWaktu kunjungan Akhir pekan Waktu antrean Tanpa mengantre Sebaiknya buat reservasi Tidak â€¦Lengkapnya"
Lawang Sewu,Grace Tarigan,5.0,"Tiket masuk 20k (Lumayan mahal ya) untuk dewasa lokal, keren buat foto"" dan belajar Sejarah. Bersih tapi ada beberapa tmpt yg perbaikan jd gk bs dijalani. Ad jual souvenir tp mahalğŸ˜†ad kfc jg d dalam."
Lawang Sewu,bunda popon,5.0,"Bolak balik kesini kalo pas ke Semarang tetep aja seneng liat bangunan sejarah yang masih kokoh berdiri apalagi sekarang ada konser keroncong juga di halaman tengahnya,...juaraWaktu kunjungan Akhir pekan Waktu antrean Maks 10 mnt Sebaiknya buat reservasi Tidak â€¦Lengkapnya"
Lawang Sewu,Emm,4.0,Ikon bersejarah kota Semarang peninggalan Belanda yang masih bisa dikunjungi walaupun beberapa bagian ruangan sudah tidak boleh dimasuki. Week days buka mulai pukul 08.00 - 17.00 WIB Week end buka mulai pukul 08.00 - 20.00 WIB Mulai tanggal 10 Januari 2022 berlaku tarif tiket masuk yang baru: Dewasa Rp. 20.000 Anak Rp. 10.000
Lawang Sewu,Afif Fajar Zakariya,5.0,"Bangunan heritage yang menjadi saksi sejarah perkembangan perkeretaapian indonesia. Sangat nyaman dan sejuk bahkan kucing pun bisa tidur lelap di sana. Ada lantai yang tidak dibuka karena khusus untuk area komersil seperti shooting prewedding dan film. Jika ingin ilmu lebih, bisa membayar tour guide sebesar 100k untuk menemani rombongan."
Lawang Sewu,Henry Cool,5.0,"Bangunan yang menjadi Icon kota Semarang Dengan kondisi bangunan yang sangat terawat. Yang ternyata adalah kantor pusat Kereta api dijalan Belanda yang berfungsi sebagai alat angkut hasil bumi pada masa tanam paksa. Mulai dari Jakarta hingga Surabaya. Bangunan yang berisi diorama perkeretaapian ini menyuguhkan Suasana yang membawa kita Ketahun 1800an, seperti bangunan bangunan dieropa pada masanya. Tempat yang menarik untuk kita berfoto ataupun selfie. Banyak spot spot yang bagus untuk itu, ditambah ada penyewaan baju tradisional jawa,baju tradisional Jepang, baju bajak laut dll, yang disesuaikan dengan latar belakang untuk kita mengabadikan momen dengan berfoto. Note : tidak ada tempat parkir di area gedung Parkir diluar gedung dipinggiran kali atau di Mall dibelakang gedung, kalau saya memilih di parkiran mall,"
Lawang Sewu,iranto suntara,4.0,"Tempat yang harus di kunjungi kalo mampir ke semarang ya Genks.. Dulunya stasiun kereta api jaman belanda dan sekarang di jadikan museum. Dan tetap di pelihara sebagai bangunan cagar budaya. Terletak di simpang lima dan pusat kota, hanya saja parkiran tidak ada jadi di kelola secara konvensional oleh masyarakat sekitar di bahu jalan di pinggiran kali. Overall sangat oke dan mempunyai nilai sejarah yang tinggi."
Lawang Sewu,Ega Dwi lestari,5.0,Tiket masuk 20k Bangunan nya bertingkat kalian wajib bgt mengeklpore semua bangunan nya yaa biar ga sia2 20k nya wkwk. Ada live musik dan penjual nya di dalam lawang sewu. Untuk foto2 baguss rekomendasi dari aku kesana waktu weekdays biar ga rame dan hasil foto nya bagus.Waktu kunjungan Hari kerja Waktu antrean Tanpa mengantre Sebaiknya buat reservasi Tidak â€¦Lengkapnya
Lawang Sewu,aziza dyah,5.0,"Lawang Sewu adalah gedung bersejarah milik PT Kereta Api Indonesia (Persero) yang awalnya digunakan sebagai Kantor Pusat perusahaan kereta api swasta Nederlandsch-Indische Spoorweg Maatschappij (NISM). Gedung Lawang Sewu dibangun secara bertahap di atas lahan seluas 18.232 m2. Bangunan utama dimulai pada 27 Februari 1904 dan selesai pada Juli 1907. Sedangkan bangunan tambahan dibangun sekitar tahun 1916 dan selesai tahun 1918. Bangunannya dirancang oleh Prof. Jakob F. Klinkhamer dan B.J. Ouendag, arsitek dari Amsterdam dengan ciri dominan berupa elemen lengkung dan sederhana. Bangunan di desain menyerupai huruf L serta memiliki jumlah jendela dan pintu yang banyak sebagai sistem sirkulasi udara. Karena jumlah pintunya yang banyak maka masyarakat menamainya dengan Lawang Sewu yang berarti seribu pintu. Selain desain bangunanya yang unik, Lawang Sewu memiliki ornamen kaca patri pabrikan Johannes Lourens Schouten. Kaca patri tersebut bercerita tentang kemakmuran dan keindahan Jawa, kekuasaan Belanda atas Semarang dan Batavia, kota maritim serta kejayaan kereta api. Ragam hias lainnya pada Lawang Sewu antara lain ornamen tembikar pada bidang lengkung di atas balkon, kubah kecil di puncak menara air yang dilapisi tembaga, dan puncak menara dengan hiasan perunggu. Saat ini Gedung Lawang Sewu dimanfaatkan sebagai museum yang menyajikan beragam koleksi dari masa ke masa perkeretaapian di Indonesia. Koleksi yang dipamerkan antara lain: koleksi Alkmaar, mesin Edmonson, Mesin Hitung, Mesin Tik, Replika Lokomotif Uap, Surat Berharga dan lain-lain. Lawang Sewu menyajikan proses pemugaran gedung Lawang Sewu yang terdiri dari foto, video, dan material restorasi. Mendekati pintu keluar, terdapat perpustakaan berisikan buku-buku tentang kereta api. Selain menjadi tempat wisata sejarah, Gedung Lawang Sewu juga dapat disewa untuk kegiatan Pameran, Ruang Pertemuan, Pemotretan, Shooting, Pesta Pernikahan, Festival, Bazar, Pentas Seni, Workshop, dll."
Lawang Sewu,Yogi NW,1.0,"Lawang Sewu itu ikon Kota Semarang yang dulunya sangat amat dikenal akan kisah mistisnya. Dikenalnya pun tdk dalam konteks negatif, namun positif, dan bisa dibilang kisah-kisah mistis ini menjadikan Lawang Sewu sebagai daya tarik tersendiri bagi wisata di Kota Semarang. Namun, sekarang sudah berbeda. BUMN pemilik dari bangunan Lawang Sewu memutuskan untuk menghapus 'nilai jual' mistis dari ikon Semarang ini. Alasannya adalah, mereka adalah BUMN, dan BUMN tidak boleh memiliki aset yang ada nilai mistis dsb. Waktu saya tanya: ""Bahkan termasuk menghapus sejarah dan nilai tarik Lawang Sewu sebagai wisata 'mistis' yang sudah menjadi ikon Semarang dari dulu?"" Salah satu staf disana menjawab secara singkat: ""Ya"". Bisa dimengerti, bahwa apabila sudah peraturan ya peraturan. Tapi hal ini tidak akan bisa menghapus kekecewaan saya terhadap keputusan yang diambil oleh BUMN ini, apalagi secara masyarakat umum biasa kita tidak memiliki power apa2. Saat ini apa yang coba dijual oleh Lawang Sewu adalah nilai arsitekturnya dan juga entertainment. Dengan berbagai gerai kedai warna warni makanan dan minuman di halaman tengah, live music, penyewaan kostum di salah satu koridor dll. Arsitektur bangunan Lawang Sewu pun sangat amat menarik dan unik, tidak dipungkiri. Karena ini adalah penilaian pribadi, saya cukup muak melihat itu semua. Apa yang seharusnya menjadi identitas Lawang Sewu malah dijadikan 'becandaan'. Saat salah satu gerai makanan cepat saji ayam tepung itu masuk saja saya sudah tidak suka, karena bagi saya itu mengganggu pemandangan dari lantai 2. Dan sekarang, malah ditambah tenda warna warni dan live music yang bagi saya sangat mengganggu estetika dan pemandangan dengan warna yg mencolok kontras juga berisik. Saya tidak berharap Lawang Sewu bisa kembali seperti semula atau apapun, silahkan dilanjutkan dengan apa yang menjadi pilihan yang telah diambil untuk image BUMN nya, karena ini hak mereka sepenuhnya. Saya hanya kecewa."
Lawang Sewu,Nanda Firdaus,5.0,"Tempat yang sangat bersejarah, baiknya pake pemandu wisata yang resmi dari Lawang Sewu nya. Jadi kita bisa tau detail sejarah nya. Setiap detail bangunan punya cerita nya masing2. Cocok untuk berwisata sambil belajar sejarah nasional Indonesia khusus nya kota Semarang. Lawang Sewu adalah tempat yang wajib dikunjungi jika kita ke kota Semarang. Fasilitas seperti toilet masih terjaga kebersihan nya meskipun umur nya sudah sangat tua."
Lawang Sewu,dwina diary,5.0,Bangunan lama yang masih bagus. Cukup bersih saat berkunjung ksana. Belajar banyak sejarah kereta api dsana. Bisa foto2.Waktu kunjungan Akhir pekan Waktu antrean Maks 10 mnt Sebaiknya buat reservasi Tidak â€¦Lengkapnya
Lawang Sewu,Imelda Oktaviani,5.0,"Salah satu tempat sejarah yang menjadi Iconic kota Semarang, dan lagi untuk tiket murah dihari biasa hanya 10k sambil belajar sejarah disini juga bagus untuk foto ootd"
Lawang Sewu,Dwi Yuliana Herawati,4.0,"Dulu kesannya angker, tapi sekarang lebih kelihatan mirip museum dan cocok buat edukasi bareng keluarga, ada guide juga buat penjelasan sejarahnya, sepenglihatan sih bersih dan terawat, fasilitas juga oke, mungkin koleksi sejarah lain bisa ditambah untuk mengisi ruangan agar lebih menarik dan menambah ilmu tentang sejarahnya lawang sewu"
Lawang Sewu,Corry Berimanty,4.0,"1.tiket masuk dewasa/mahasiswa 20k 2.tiket anak 10k,Wisman 30k 3.didalam ada penjual makanan dan penyewaan scooter 4.pada saat scan tiket dipintu masuk agak lama sehingga antri cukup panjang"
Lawang Sewu,suci safitri,5.0,"Tempatnya luas, baiknya sih klo kesini pake guide biar lebih tahu lagi sejarah nya. Begitu masuk ke dalam akaj ditawarkan jasa guide untuk keliling lawang sewuWaktu kunjungan Akhir pekan Waktu antrean Tanpa mengantre Sebaiknya buat reservasi Tidak â€¦Lengkapnya"
Lawang Sewu,Arum Safira,5.0,"Baru sempet muter2 di lantai 1 sih. Tp seru jg liatin berbagai miniatur kreta, brg2 sejarah d sana, cobain kostum utk foto2 Jgn lupa bersantai ria, dgrin musik live n nyemil2 di lapangan â˜º"
Lawang Sewu,Panca E,5.0,"Datang ke tempat ini makin meningkatkan pengetahuan tentang transportasi pada jaman kolonial Belanda di jawa Tengah, khususnya kota Semarang.. sesuatu bngt saat melihat kekokohan bangunan di masa itu.. ğŸ‘ğŸ‘Waktu kunjungan Akhir pekan Waktu antrean Maks 10 mnt Sebaiknya buat reservasi Tidak â€¦Lengkapnya"
Lawang Sewu,Kaka Yassa,5.0,Tiket masuk 20k untuk dewasa/mahasiswa (9.10.2022). Tempatnya cukup ramai pengunjung dan walaupun cuma bangunan peninggalan tapi menurutku kalo ke Kota Semarang at least pernah kesini sekali.
Lawang Sewu,Bang Satriya,5.0,"Tidak pernah berubah, selalu istimewa ketika berkunjung disini, Berbagai hal juga sudah ditingkatkan oleh pengelola, Baik tiket masuk yang fleksibel dan kekinian karena kita mendapatkan tiket dengan barcode yang di scan, Serta kebersihan yang terjaga, Sedikit catatan adalah masih membingungkannya area parkir bagi turis yang baru pertama kali kesini,"
Lawang Sewu,bimo yudhiono,5.0,"Bekas stasiun kereta api jaman belanda. Ke sini lebih suka museumnya, jadi tau seperti apa perkembangan kereta jaman belanda. Tergambar bahwa teknologi jaman dulu sudah bagus dan dapat di kembangkan di jaman sekarang dengan tambahan aman dan sangat nyaman. Adem walaupun di semarang terkenal panas. Di tengah halaman utama ada pohon mangga talijiwo. Ini langka dan mengingatkan masa kecil dulu. Ada persewaan baju jaman kolonial (nggak tau sebutannya apa) pokoknya baju belanda jaman dulu. Bisa buat foto prewed juga bisa. Bagus dehh vintage dan kaya akan sejarah..."
Lawang Sewu,Nurani Pangesti,5.0,"Tempatnya bagus, baru pertama kali sih, antik, sejuk dan bersih areanya. Parkirnya jauh dr lokasi tidak di dalam lokasiWaktu kunjungan Akhir pekan Waktu antrean Maks 10 mnt Sebaiknya buat reservasi Tidak â€¦Lengkapnya"
Lawang Sewu,Robertus Priyanto,5.0,"Seger.. sejuk, tenang,nyaman dan indah suasana alam di sekitar...begitu damainya Semarang kota kelahiranku ğŸ˜‘â˜ºï¸ğŸ¤— Halo Semarang...Selamat tahun2022 Semoga damai dan sejahtera selalu ğŸ’ª Godbless ğŸ™ğŸ¤— ğŸ™‹"
Lawang Sewu,Alex Joeseph,5.0,Salah satu Tempat Iconic warisan Bersejarah Negara Indonesia yang berlokasi di daerah Kota Semarang dengan arsitektur khas nya yang sangat menarik sebagai objek photography dengan beragam cerita menarik dari tempat ini yang semakin membuat Anda penasaran untuk singgah di tempat ini....Wisata Ke Semarang Tidak lengkap tanpa Berkunjung ke Lawang Sewu.
Lawang Sewu,NIKEN WAHYUNINGTYAS,5.0,Tempat bersejarah peninggalan belanda uang masih sangat terawat hingga saat ini. Memiliki daun pintu yang sangat banyak sehingga dijuluki lawang sewu
Lawang Sewu,Devi Renjani,5.0,Merupakan tempat wisata sejarah perkeretaapian di Indonesia. Biaya masuk per 3 Oktober 2021 adalah 10rb/orang. Sebelum berencana memasuki area wisata. Pastikan terlebih dahulu kalau kita sudah melakukan Vaksinasi ya gaes. Agar bersama kita aman dan nyaman dala berwisata. Jangan lupa patuhi protokol kesehatan yang berlaku dan pastikan untuk selalu menjaga kebersihan lingkungan di wilayah area wisata Lawang Sewu. Terdapat area cuci tangan. Area toilet umum. Spot foto area museum yang indah Sekedar saran saja. Lebih baik melakukan kunjungan di jam 1siang-sore hari karena cuaca yang sudah lumayan adem. Untuk lebih mengenal sejarah berdirinya Lawang Sewu. bisa menyewa jasa Gude Di Tempat Wisata. Dijamin lebih kenal sejarah Dan lebih Tau Sport-spot foto yg lebih bagus
Lawang Sewu,Hadi Darianto,5.0,"Tempat wisata sejarah di kota semarang dengan arsitektur belanda, merupakan gedung tempat perusahaan kereta api jaman penjajahan belanda. Memiliki arsitektur yang unik, dengan ukuran dan bentuk yang tipikal sehingga menjadikan tempat yang instagramable"
Lawang Sewu,Linah Sapitri,4.0,"-Lawang Sewu- Salah satu objek wisata kota Semarang. Ikonik Semarang. Tempat yang wajib banget dikunjungi ketika ke Semarang. Wisata sejarah tentang kereta api sejak zaman dahulu. Lokasi dekat dengan bunderan tugu. Mudah dijangkau dengan menggendarai sepeda motor, mobil, dan kendaraan umum. Lokasi dipinggir jalan. Tiket masuk 10rb dan wajib menunjukkan kartu vaksin dengan scan barcode pada peduli lindungi. Cek suhu, pakai masker, dan cuci tangan. Menerapkan protokol kesehatan yang ketat. Ada jasa tour guide dengan biaya 75k. Fasilitas berupa toilet, musholah, dan spot foto. Bisa sewa busana dan foto, kedai makanan mini, barang-barang oleh-oleh berupa baju atau gantungan kunci dengan harga yang terjangkau. Bersih dan nyaman. Ramah bagi pengguna kursi roda. Teduh walau di luar sedang dalam kondisi cuaca Semarang yang puanas. Parkir di luar, samping kiri lawang sewu. Parkir motor senilai 5000. Mobil pribadi juga parkir di sini. Untuk bus kurang paham. Kesan horor dan mistis sama sekali tidak terasa karena tempat yang benar-benar bersih terawat. Karena masih dalam kondisi pandemi, lawang sewu buka dari jam 07.00 - 17.00 wib saja. Begitu kata penjaga Lawang Sewu ketika saya hendak mengunjungi tempat ini pada pukul 8 malam."
Lawang Sewu,Desi Aria,5.0,"Sebagai orang yg suka dengan sejarah, tentu saja tempat ini jadi salah 1 tempat yg patut banget untuk dikunjungi. Minimal seumur hidup sekali deh. Tempatnya mudah dicari lha wong di pusat kota Semarang. Dulu saya waktu kesana siang hari, tapi kesan ""adem"" dan senyap masih tetap terasa hehe. Bukan mau menakut-nakuti, tapi emang begitu. Bangunannya kolonial Belanda banget. Bagus dan sangat artistic. Biaya masuk kesini juga murah. Apalagi kalo pelajar, jelas lebih murah. Rekomended deh buat yg pengen mengenal tentang Indonesia lebih dalam."
Lawang Sewu,Darno Lamiran,4.0,Wisata bangunan desain jaman Belanda dengan unik karena banyak mempunyai pintu dengan warga sekitar dinamai Lawang Sewu
Lawang Sewu,VM Hari,4.0,"Lawang sewu merupakan situs bersejarah Nasional Indonesia, khususnya kota semarang Jawa tengah Yang perlu dijaga kelestarian nya Agar dapat dinikmati oleh anak cucu kita, Bila anda berkunjung kesini, marilah Jagalah kebersihan komplek objek wisata ini"
Lawang Sewu,Dina Meilena,2.0,"Sebenarnya tempatnya bagus dan bersih sekali. Cuman saya tidak suka dengan petugas satpamnya. Ga ramah sama sekali. Ketika datang dengan ketus bilang ""Scan dulu"" Padahal saya datang pukul 13.30 jadi arah matahari tepat di area pagar depan Museum. Mana saya bawa anak 3 dan ortu. Masalah scan ga masalah karena itu sudah rule. Tapi kalau ga ketus dan bisa dikondisikan dengan baik agar pengunjung bisa nyaman alangkah jauh lebih baik. Berpikirlah kalau kita ini simbiosis mutualisme, kita sebagai pengunjung membayar tiket untuk masuk, biaya tersebut bisa digunakan untuk operasional Museum, nah sebagai gantinya mohon lebih ramah kepada pengunjung agar kami pengen balik kesana kembali. Mohon pengelola, satpam depan diberi arahan yang baik"
Lawang Sewu,Okky Tiara,5.0,"Tempat bersejarah yang sangat kental, dsini ada museum kereta api dan miniatur kereta api zaman dahulu. Terdapat banyak spot foto bahkan bisa juga untuk prewed."
Lawang Sewu,Eko Purwanto,5.0,"Wisata sejarah, arsitektur jaman dulu.Sangat clasic .saya kemarin menghitung pintunya,tapi tidak ada 1000 pintu"
Lawang Sewu,Shofia Musfita Sari,5.0,"Love this place, karena saya penggemar gedung tua yg buatan belanda. Bersiiih banget, tertata rapi dan adem di dalam gedung (dibanding suhu semarang yang amat sumuk). Tarif masuk dewasa 10rb, dan ada persyaratan minimal sdh vaksin tahap 1. Kalau punya aplikasi pedulilindungi, tinggal nunjukin aja, kalau g punya kartu vaksin dan ktp ditunjukin. Mungkin akan lebih enak lg kalau ditambahkan cafe2 yg ala2 era belanda juga, selain booth utk foto2 yg pilihan kostumnya banyak banget. Kalau siang gak ada serem2nya ya, ndak tau kalau wisatanya pas malam..hehe...tp selama pandemi jam buka hanya dr jam 10-5 sore ya..."
Lawang Sewu,Fidela Ismalia Saputra,5.0,"Banyak banget pengunjungnya, gak sempet masuk sih krn liat antrian didepan hahaaJadi menikmati lawang sewu dari luar ajaKerenWaktu kunjungan Hari kerja Waktu antrean Tanpa mengantre Sebaiknya buat reservasi Tidak yakin â€¦Lengkapnya"
Lawang Sewu,Dwi Noor,5.0,"Wah parah sih iniii. Bagus bangetttt, akhirnya ke lawang sewuuu. Tempat bersejarah. Asik banget! Transportasi nya juga mudah, luas banget. Pokoknya kerennn"
Lawang Sewu,Anyakra Kusuma,5.0,"tempat wisata yg wajib banget kalian kunjungi ketika berada di Semarang, gak afdol rasanya jika belum kesini ! terletak di pusat kota semarang, dekat dengan bundaran tugu kota semarang. buka mulai pukul 8 pagi hingga 8 malam, harga tiket ketika weekday maupun weekend 20ribu rupiah ğŸ‘ğŸ¼ . jangan lupa juga sedia aplikasi peduli lindungi krn masih harus check in utk masuk ke area. di lawang sewu juga tersedia pemandu jika ingin lebih mengetahui cerita dibalik bangunan belanda nan megah dan ikonik ini ğŸ‘ğŸ¼ bangunannya sangat terawat dan jujur hanya bisa geleng2 melihatnya, membuat saya berpikir bagaimana kehidupan di jaman dulu dan pembangunan bangunan ini yg paling saya suka adalah kaca patri dan toilet nya yg original sangat bagus dan terawat ! ğŸ‘ğŸ¼ saya dan istri perlu waktu satu jam utk mengelilingi dan berfoto di area komplek lawang sewu sendiri tanpa istirahat di area booth makanannya â˜ºï¸"
Lawang Sewu,Eron Kristriaji,5.0,"Sudah kali ke 3 ini kegiatan dinas ke Semarang dan baru kali ini berkesempatan itupun tidak direncanakan Pengalaman Berkunjung kesini dengan keterbatasan hingga masuk tiket saja dibayarin, terima kasih yang sudah bayarin tiket, kesempatan lain pasti ada untuk gantian bayarin ditempat yang berbeda, untuk masuk ketempat ini sesuai dengan layanan protokol kesehatan dari peduli lindungi, di mulai memakai masker, cek suhu dan cuti tangan Tiket masuk perorang dewasa 20ribu, disini bagus untuk spot foto dengan tema jaman dulu memang bagus, dengan model bangunan lama namun tetap terjaga dengan baik dari segi bangunan masih kokoh, Semoga tetap terawat dengan baik Lawang Sewu,"
Lawang Sewu,Lailatul Fitriani,5.0,"Tempat wisata bersejarah yang sangat klasik, dan estetik untuk berfoto. Tempatnya bersih. Dulu kesan horor dan mistis terasa namun sekarang tidak begitu. Saya paling terniang dengan sumurnya. Baunya sangat aneh. Namun aman kok asal kita disana sopan. Cukup bagus untuk berfoto-foto. Dilengkapi museum mininya juga. Tapi aku masih penasaran dengan lantai dua gedung utama. Tapi sayang tdk di buka untuk umum. Dulu pernh waktu ikut kunjungan khusus siswa mengenal nusantra. Untuk harga tiket cukup terjangkau. Dulu waktu sekolah sering kesini, untuk berjalan-jalan bersama saudra kluarga teman. Semoga tetap terjaga dan semakin baik. Terima kasih untuk pelayanan staf yang sangat ramah."
Lawang Sewu,Adi Rahmadi,5.0,Dengan 100K bersama mas Muchtar / Ambon ke lawang sewu dibukakan pintu sejarahnya bukan kleniknya
Lawang Sewu,Bunda any vlog,5.0,"Tempat bersejarah yang sangat perlu dilestarikan, bangunan masih kokoh dan kebersihannya juga terjaga bangetWaktu kunjungan Akhir pekan â€¦Lengkapnya"
Banjir Kanal Barat,Ardian Murdianto,4.0,"Banjir Kanal Barat atau BKB adalah Salah satu Kanal di barat Semarang yang banyak dimanfaatkan masyarakat untuk berkegiatan, mulai dari bersepeda, santai, memancing sampai senam dengan fasilitasnya yang ada disana selain fungsi utamanya sebagai Kanal. Semoga kedepannya lebih baik dengan kesadaran masyarakat tidak membuang sampah sembarangan dan bisa menjaga sungainya tetap dan semakin bersih..."
Banjir Kanal Barat,Bangkit,4.0,"healing ga melulu berbayar, dengerin suara air di banjirkanal, sayangnya tempat foto2 nya tidak dirawat..."
Banjir Kanal Barat,Fira Rahmi,5.0,"Selain banyak nyamuk dan banyak pengamen, lokasi ini bagus banget kalau buat tongkrongan. Saranku main kesini pas sabtu sore atau minggu pagi. Banyak yang jual makanan juga disini, jadi ngga kekurangan cemilan pas ngobrol santai bareng temen. Tiap malam minggu, ada dancing fountain yang bisa kamu lihat. Tapi kalau buat orang semarang, kayaknya bakal bosen liat itu itu aja si hehe"
Banjir Kanal Barat,Amalia Gandasari,5.0,"Di suatu malam aku pernah berhenti dan merenung sebentar di pinggir ""banjir kanal barat"". Nice juga sih suasananya kalo malem"
Banjir Kanal Barat,Citra Project,5.0,"Tempatnya bagus. Menurut saya multi fungsi, karna selain bisa jadi tempat nongkrong & refreshing bersama keluarga, bisa juga sebagai tempat untuk berolahraga & memancing. Saran dari saya, alangkah lebih bagus lagi kalo disediakan toilet umum, supaya ga kebingungan harus nyari Alfamart atau Indomaret kalo tiba2 mau buang air kecil atau besar. Ada yang njaga seperti area simpang lima itu malah bagus, jadi ada yg memperhatikan kebersihannya."
Banjir Kanal Barat,Andriy RN 285,5.0,Wisat hits di kota semarang biaya hemat cocok untuk bacpaker. Datang jumat & sabtu tuk live show langsung pertunjukan air mancur
Banjir Kanal Barat,Rissa Anandita,5.0,Water Bridge FountainLumayan seru hiburan malam gratisCuma harus hati-hati krn gelap sekali
Banjir Kanal Barat,A.Y. 72.91,5.0,"Tempat yang tepat untuk berolahraga , nongkrong , maupun foto-foto & Untuk yg punya hobi mancing bisa melakukannya dipinggiran sungai'nya , tapi ingat jaga selalu kebersihan buang sampah pada tempatnya , Kalau Banjir Kanal Barat Semarang bersih ,rapi kan kita juga yg menikmatinya , semoga para pengunjung dapat menjaga kebersihan lagi ok"
Banjir Kanal Barat,Nurul Waidah,5.0,Dibanjir kanal barat kita dpt melihat pertunjukan air mancur berjoget selain itu ada taman yg dpt digunakan spot foto dan pula ada perahu yg siap menyeberangkan kita biaya nya murah rp 2000. Dan lagi klu kita beruntung dpt ikut menysksikan ritual keagamaan.dg melepas ikan2.melepas berpasang2 burung dara .dan pula tempat ini acapkali dipke latihan dayung jika kontingen pon indonesia akan berlaga. Terakhir setiap minggu pagi j 0600 -0900 ada pasar apung disana.selamat berkunjung
Banjir Kanal Barat,Budi Patrialand,5.0,"Tempat masa kecil sktr thn 87 an, srg main di kali Pleret, cuma pakai CD aja sama temen2 seru banget, kejadian sebelum ada banjir bandang awal thn 90 an"
Banjir Kanal Barat,bhayu indra prasta,3.0,"Area publik yg bisa menjadi pilihan untuk rekreasi murah meriah, tapi sayang banyak sampah yg dibuang ke sungai yg berasal dari hulu"
Banjir Kanal Barat,ervina herdyana,4.0,Disini tempatnya bagus dilihat kl mlm hari.ada juga yg berjualan makanan disekitarnya cobain ja jalan ke banjir kanal barat
Banjir Kanal Barat,laste fenny,5.0,"sisi barat asik buat jogging karena memang rata jalannya, untuk sisi timur enaknya buat jalan2 aja soalnya ada bagian yg menurun nanjak dan bukan pavingan tapi batu2 disusun ya, cukup lah ya kalau mau 10km tinggal muter 4x"
Banjir Kanal Barat,Hendra Aryatdi,4.0,Kalau sore hari bnyk pedagang di pinggiran dan mlm bisa liat fontain bright warna warni dan menari2.
Banjir Kanal Barat,PRAH,4.0,Tempat ini cocok buat rekreasi santai keluarga. Tapi jangan malam malam kalau sama keluarga dengan anak kecil atau jomblo. Karena banyak orang pacaran. Kalau malam banyak kuliner yang tersedia disini. Jajanan yang cocok buat menikmati banjir kanal ini. Lokasinya juga dekat tengah kota. Tempat parkir juga di sediakan di sini. Untuk parkiran mobil saya rasa harus cari cari lagi. Soalnya sulit.
Banjir Kanal Barat,Lucy Dewan Yuliyanto (Kang Ucy),5.0,"Sayang banget kesananya siang siang, andai malam hari apakah secantik yang diceritakan Ayo boseh bersama Tantin"
Banjir Kanal Barat,Fakhrun Nisa,4.0,"Meskipun sempet nyasar karena salah jembatan, tapi untungnya ku datang tepat waktu. Setiap Jumat malam dan Sabtu malam, mulai pukul 19.30 WIB ya. Pertunjukkannya tepat waktu banget, jadi sesi pertama 19.30 WIB udah mulai dan 20.00 WIB udah kelar. Jadi pastikan gak telat biar bisa puas menikmati sesi pertama ini. Tidak ada tiket masuk, hanya parkir saja. Banyak penjual makanan ringan sampai berat, mie instan, cemilan, sate (?) Cuma ya karena banjir kanal gitu, tempatnya dan sungainya gitu gak terlalu bersih ya. Jadi kurang enak aja gitu suasananya, padahal air mancurnya bagus, musiknya juga enak. Sayangnya juga belum ada tempat dudukatau lesehan khusus, jadi ya duduk sembarangan aja gitu di pinggiran banjir kanal. Semoga sih tempatnya lebih representatif ke depan."
Banjir Kanal Barat,Siti Sopiyatun,5.0,"Aliran sungai yang luas dan bersih. Tepian sungainya cocok dijadikan tempat untuk beristirahat saat perjalanan. Tepiannya juga rapi, ditata dan dihiasi sehingga menarik seseorang untuk singgah. Free htm guys. Bisa buat selfie dan menikmati keindahan sungai. Seru juga melihat anak-anak yang bermain air dan banyak orang yang memancing ditengah keramaian kota."
Banjir Kanal Barat,dwi nugroho,5.0,Alhamdulillah tambah menarik sekarang jalurnya sudah tidak semrawutt sehingga lancar dalam menikmati pemandangan di banjir kanal barat.. Bersama keluarga pasangan atau bahkan sendiriannya okeee
Banjir Kanal Barat,DuniaQtoy,4.0,"Sekarang lebih keren, cakep, teratur dan bersih. Meski tetep ada beberapa orang yang susah banget suruh buang sampah di tempat sampah yang udah disediakan, jadi bikin kotor lagi deh. Tapi makasih buat pemerintah kota yang sediain ruang terbuka sekadar untuk duduk-duduk sama keluarga atau ngobrol sama teman di pinggiran banjir kanal. Saya apresiasi juga bangku-bangku yang dihias bunga-bunga indah."
Banjir Kanal Barat,Lucky Laurence,5.0,"Enaknya buat olahraga pagi sebelum jam 7, saat belum ramai dan lalu lintas belum padat. Di atas jam 7 pagi sih udah jadi tempat jajan dan nongkrong"
Banjir Kanal Barat,Ambar Saraswati,4.0,"Sangat enak untuk bersantai. Jajanan seperti kucingan mudah di dapatkan. Dekat dengan berbagai kafe. Kebersihan cukup, namun masih banyak juga yang membuang sampah sembarangan. Foto di ambil malam hari. Siang hari tempat cukup panas karena ruang terbuka. Sore ramai di kunjungi untuk joging dan lari lari kecil, bersepedahan dsb."
Banjir Kanal Barat,Maida,4.0,"Salah satu ruang terbuka di Semarang. Ada taman buat olah raga dan refleksi kaki. Ada juga tempat untuk berfoto ria, taman dengan beberapa spot bunga buatan. Di sepanjang banjir kanal barat ini terdapat ruang terbuka untuk bersantai atau sekadar melepas penat. Setiap Akhir pekan pagi, sering lihat atlet sepeda atau atlet sepatu roda latihan muterin banjir kanal. Di bagian sebelah barat jembatan, setiap weekend pagi ada senam juga."
Banjir Kanal Barat,andewi,5.0,Enak buat santai bareng temen2 sore2 - malem sambil makan jajan yg bisa dibeli dipinggiran banjir kanal. Kalo pagi juga enak buat jogging atau bersepeda
Banjir Kanal Barat,Shohib Abror,5.0,"Menikmati pemandangan air yg lgsng menuju laut, banyak orang mancing ikan, cocok untuk joging. #Tifa tour Umroh"
Banjir Kanal Barat,Agung Himawan Dwi Harto,4.0,"Sungainya bersih, sangat reccomend buat santai sore maupun buat jogging, namun masih lumayan banyak sampah berserakan yang menjadikan air sungai menjadi keruh. Banjir kanal bisa menjadi tempat asik di tengah kota yang tak perlu mengeluarkan banyak uang untuk menikmati suasana dan keindahan disana, hanya saja untuk tempat parkir yang tidak memadai masih menjadi pertimbangan untuk kesana."
Banjir Kanal Barat,Joko Prayitno,1.0,Buruk gak dapat ikan..saya di sana berniat mancing tapi gak dapat seharian sampek malam.cuman dapat ikang keting 2 ekor aja..itupun mlm dapatnyağŸ¤¦â€â™‚ï¸ğŸ¤¦â€â™‚ï¸ğŸ¤¦â€â™‚ï¸ğŸ¤¦â€â™‚ï¸
Banjir Kanal Barat,Harny Prawoto,5.0,Tempat yang nyaman untuk jalan pagi atau joging dan tempat yang nyaman pula untuk nongkrong di malam hari dengan menikmati beberapa kuliner
Banjir Kanal Barat,Kin_ara Chanel,5.0,"Pemandangan sore berbeda saat pagi, pagi senam, siang pemancing, sore.... Selancar... Wahanabaru, gratis..."
Banjir Kanal Barat,Maria Ekacarini Jayanimitta,5.0,"Setelah dinormalisasi, Sungai Banjir Kanal Barat kini menjadi salah satu tempat terbuka publik di Kota Semarang yang asyik untuk berekreasi sambil menikmati taman dan pemandangan alam"
Banjir Kanal Barat,M. Indah Fajarwati RA Al Khoiriyyah 2,5.0,Banjir kanal di siang hari tempat yang nyaman dengan pemandangan sungai dan tanaman. Di malam hari penuh cahaya....air mancur berdansa
Banjir Kanal Barat,Mecca Evi N,5.0,ini waktu sore hari bagus juga kok guys
Banjir Kanal Barat,Keluarga AMAL,5.0,"Suasana malam hari terkini di Banjir Kanal Barat sangatlah berbeda dengan beberapa tahun lalu. Sekarang banyak dibangun taman dan pedestrian yang diperuntukkan bagi warga masyarakat secara cuma-cuma. Menjelang pergantian tahun 2018 menuju ke 2019, Pemerintah Kota Semarang meresmikan Semarang Bridge Fountain, yang menyajikan tarian lampu warna-warni yang penuh atraktif di malam hari. Pertunjukan ini diklaim sebagai yang pertama dan satu-satunya di Indonesia."
Banjir Kanal Barat,Agus suprayitno,5.0,"Tempat strategis,sering buat kejuaraan lomba balap sepeda,dan senam aerobik"
Banjir Kanal Barat,Aku mawar,5.0,Menyenangkan yah buat piknik.. Banyak yg jualan hihihi
Banjir Kanal Barat,Yurim Hatamaiya Setyorini,5.0,Pertunjukan air yang sangat indah dengan alunan musik yang serasi dengan tarian airnya. Cocok sebagai tempat rekreasi keluarga dan juga romantis untuk pasangan.
Banjir Kanal Barat,Pavel Harsoyo,5.0,"Ternyata kota kelahiranku banyak tempat wisatanya ğŸ˜„Salah satunya ya disini ,taman pinggir Sungai Kanal Banjir Barat"
Banjir Kanal Barat,Bonifacius Adi,5.0,Melepas penat duduk dipinggir sungai......ğŸŒˆ
Banjir Kanal Barat,penjebol sejati,4.0,utk fasilitas umum cukup bagus penataannyaperawatan perlu ditingkatkan
Banjir Kanal Barat,amelia rofiatun,4.0,"Pemandangan lampu dan air mancur yg bagus, gaperlu jauh2 kalo mencari hiburan"
Banjir Kanal Barat,Adhi Cahyadi,5.0,"banjirkanal barat sekarang sangat menawan,cantik,apalagi kalau setiap sabtu,minggu,ada air menari,pertahankan,teruskan,lanjutkan...ğŸ‘ğŸ‘ğŸ‘ğŸ‘"
Banjir Kanal Barat,moh lubait al ahsan,1.0,"Sudah beli dan sudah bayar barang masih kurang 3 pcs, total barang yang tertera 35 pcs,tapi ternyata cuman 32 pcs"
Banjir Kanal Barat,Didik Santoso,5.0,Sebuah ruang terbuka hijau sebagai upaya revitalisasi bantaran sungai banjir kanal yang kini dirasakan memberi banyak manfaat bagi masyarakat sekitar. Orang-orang paling banyak berkunjung pada sore hingga malam hari. Tersedia aneka jajanan kaki lima yang bisa dinikmati di sepanjang sungai banjir kanal.
Banjir Kanal Barat,APENG,4.0,Gratis juga tempat enak. Toh kalau bosen bisa nggabung bocah-bocah main plosotan di bendungan.
Banjir Kanal Barat,Dul Aziz Z,5.0,Bendungan sangat megah dan untuk wisata di pinggir kali. Setiap malamnya banyak warga yang mancing. Untuk di waktu sore cocok untuk jalan-jalan sore pemandang pohon di tengah-tengah sungai seperti pulau saja. Untuk yang hobi mancing silakan datang kesini nanti akan ketemu temen yang mancing juga.
Banjir Kanal Barat,Subiyanto,4.0,Tempatnya enak buat sekedar menikmati udara pagi di tengah kota Semarang
Banjir Kanal Barat,Eko Fajar,5.0,taman bendungan Simongan atau yang lebih dikenal dengan Pleret.kalau Minggu pagi ramai banyak orang senam.
Banjir Kanal Barat,Trisnanto RS Panti Wilasa Citarum Keren,5.0,"Tempat yang baik untuk wisata santai yg gratis atau sekedar melepas lelah di sekitaran bantaran sungai yg sudah dibangun bagus oleh pemerintah kota semarang, lengkap dengan bridge fountain yg syahdu dan menakjubkan, biasa dinyalakan setiap hari Sabtu dan Miinggu malam. Tempat yang recomended untuk olah raga pagi, siang, atau sore hari, bisa olga lari atau sepeda dan yang lainnya, pokoknya asyik deh Di sekitarnya juga banyak tersedia tempatÂ² makan atau cemilan untuk teman santai."
Banjir Kanal Barat,lemmeshow you,5.0,bridge fountainnya baguss. cukup bayar parkir 3k
Banjir Kanal Barat,Ghozaliq,4.0,"Tempatnya enak buat olahraga dan menghabiskan waktu bersama keluarga, mungkin pelu dibuat lahan parkir tersendiri"
Srigunting Park,Sholhan Aziz,5.0,"Taman ini tidak begitu luas tapi cukup menarik dan hijau. Berada di tengah tengah kota lama semarang, taman ini memberikan nuansa asri di dalam komplek kuno ini. Di taman ini dilengkapi dengan sepeda2 kuno yang bisa digunakan untuk berfoto foto. Trmpat duduk yang ada di dalamnya dapat menjadi tempat untuk berteduh dari terik matahari sambil menikmati orang2 yg berlalu lalang. Tepat di sebelah taman ini tersedia beberap outlet warung kopi yang eksentrik. Selain itu juga tersedia toilet portable di sekitar taman."
Srigunting Park,Ebith Joenaidi,5.0,"tempatnya tak seberapa luas, lokasi di dalam kota lama, tapi cukuplah untuk berteduh dari terik matahari setelah berkeliling di kota lama, ada beberapa tempat duduk dalam area taman ini"
Srigunting Park,Merlyza Putri,5.0,"Salah satu tempat Iconik kota lama di semarang... Sambil menunggu jadwal kereta di stasiun tawang, saya berjalan kaki dari starbucks kota lama, perjalanan sekitar 10 sampai 15menit sambil menikmati suasana disepanjang jalan kota lama menuju stasiun,, Banyak spotÂ² bagus untuk mengcapture atau memvideo pemandangan disepanjang jalan kota lama.... Cuaca Agak panas sihh,, tp seru..."
Srigunting Park,Devi Ayuningtyas,5.0,"Kalo ke kota lama siang-siang pas lagi panas-panasnya bisalah ngadem kesini. Lumayan, ngga terlalu panas â˜ºï¸ Kendaraan bisa diparkir di Metro lalu jalan kesini sebentar. Tempatnya mudah dicari soalnya ditengah-tengah kota lama dan dikelilingi bangunan cagar budaya yang terkenal di daerah kota lama."
Srigunting Park,caniz tary,5.0,"Taman nya tertata rapi, bnyak property yg bisa di pakai buat spot foto, gk kalah bnyak kuliner juga terutama sore hari Taman Bermain: Taman nya cocok buat taman bermain, rekreasi anakÂ², terutama sore hari"
Srigunting Park,Lucy Dewan Yuliyanto (Kang Ucy),5.0,"Tamannya kecil tapi menyenangkan, parkir mobil dan motor ada, sayangnua untik sepeda tidak terlihat"
Srigunting Park,Saffara Aristyawan,5.0,"Salah satu tempat wisata di Semarang yang harus di kunjungi. Banyak spot buat foto-foto. Cm, harus bayar kyknya kalau foto dengan properti khusus yg di sediakan sama sana. Di sekitarnya Banyak tempat nongkrong jg. Jdi setelah capek muter2 mau ngopi pun ga perlu pindah tempat lagi. Minum satu. Parkirnya lumayan mahal"
Srigunting Park,Muh Yasin,5.0,"Taman yang terletak di tengah2 kota lama semarang, bisa digunakan untuk duduk bersantai sejenak selagi berjalan2 disekitar area kota lama"
Srigunting Park,Kholis Maruf,5.0,"Taman sri gunting berada di Kawasan Kota Lama Semarang, taman ini bak sebuah oase ditengah deretan bangunan-bangunan tua yang masih kokoh berdiri. Taman Srigunting merupakan salah satu destinasi yang cocok untuk hunting foto. Tempat wisata di Semarang ini memang sangat instagramable, karena menawarkan panorama taman nan cantik berpadu dengan megahnya Gereja Blenduk. Wisatawan pun bisa berfoto ala vintage, dengan menyewa sepeda dan topi jaman Belanda. Disekitar taman, juga terdapat penjual yang menawarkan berbagai barang antik seperti jam antik, kalender, dan masih banyak lagi"
Srigunting Park,Eko Fajar,5.0,"taman di tengah-tengah kota lama, dekat dengan dengan gereja blenduk.biasanya untuk spot foto selfie pengunjung.selalu ramai waktu hari Sabtu malam dan hari Minggu."
Srigunting Park,Ms Choco,5.0,"Taman nya asri, bersih dan nyaman Pemandangan nya juga bagus Ada spot foto dengan sepeda Tersedia toilet umum Tersedia kafe kopi"
Srigunting Park,Rondiya Sari,5.0,Tamannya Asri ada di kota lama Semarang. Cuma sayang kalau siang jam kerja ke situ mau nyari ketenangan bersantai malah bising kena lalu lalang kendaraan.
Srigunting Park,sigit mujanarko,4.0,"Taman dikawasan kota lama di Semarang yg sejuk, rindang & nyaman tapi selalu ramai pengunjung/wisatawan lokal maupun luar kota utk tempat hang out, duduk-duduk ataupun berswafoto ria dengan beberapa background merupakan bangunan-bangunan yg ikonik, merupakan gedung-gedung lama peninggalan Belanda di kawasan kota lama tersebut."
Srigunting Park,Sasha Amalia,5.0,Taman indah di kawasan Kota Lama Semarang. Penataan tamannya rapi dan sangat memanjakan mata.
Srigunting Park,Jihand Aulia Sashiomarda,5.0,"Taman Srigunting berada di sebelah gereja blenduk. Salah satu ikon kota lama Semarang. Suasananya adem, banyak pepohonan rindang, banyak kafe di sekitarnya. Oya, kalo kesini jangan sendirian ya, cocoknya berduaan gandengan sama pasangan. Berasa penganten baru lagi. Hehehe. Kalau mau kesini gampang, tinggal naik ke stasiun tawang Semarang, terus naik ojek online paling sepuluh ribu doang. Oya lupa, deket dari taman Srigunting ini ada kuliner khas Semarang yang terkenal loh. Namanya babat gongso. Rasanya manis gurih pasti nagih. Eh, kok jadi bahas babat gongso sih??!"
Srigunting Park,Sukriah Sukardi,5.0,"Setelah melewati jalan kecil (sepertinya area pasar seni) sampailah saya di Taman Srigunting (saya baru tau kalau dulunya area pemakaman ğŸ¤” tapi kita sekarang bisa melihat betapa tertata rapinya area taman ini menjadi taman yang sangat cantik, pagi hari sudah banyak anak2 muda yang berfoto di area taman, saya pun sesekali mengambil foto sambil melepas penat dikursi taman yang tersedia... disekeliling Taman Srigunting terdapat bangunan2 cantik, saya sempat terpesona (sayangnya saya tidak terlalu banyak mengabadikan bangunan sekitar Taman Srigunting)"
Srigunting Park,Galih Ginanjar Gumantoro,5.0,"Sangat terjaga kebersihannya, ada banyak tempat sampah yang tersedia. Ada fasilitas pertokoan disekitar taman Srigunting ini ğŸ‘"
Srigunting Park,Nurisa Ainulhaq,5.0,"Tamanya asri banyak bunga berwarna warni, berada di kawasan kota tua, dan menjadi salah satu spot foto untuk wisatawan."
Srigunting Park,Lusiana Diyan,4.0,"Tempatnya sejuk dan bersih, enak banget buat nikmatin kota lama sambil duduk di tamannya karna posisinya juga pas di tengah"
Srigunting Park,Yusuf Noufal Rahman,5.0,"Walaupun luas area taman sangat kecil, suasananya sangat sejuk dan asri. Taman ini memiliki empat jalur khusus pejalan kaki dari sisi-sisi yang berbeda. Terdapat area spot foto yang unik dan 'instagramable'."
Srigunting Park,teguh bj,5.0,"tempatnya sangat asri, banyak spot foto di sekitar dg gedung2 kuno dan sepeda"
Srigunting Park,Imo,5.0,"Aku telah mengunjungi taman itu! Taman itu sangat indah; pohon-pohon yang megah menjadi atap teduh yang sejuk dan cantik, serta taman itu memiliki ""Spot"" foto yang unik! Becak-becak dan sepeda-sepeda jadul yang dihiasi dengan warna-warna indah menambah kecantikan di foto Anda. Serta lokasinya yang strategis; dekat dengan cafe Spigel, Gedung musium 3D dan icon Kota Semarang: Gereja Blenduk dan Kota Lama. Membuat perjalanan wisata Anda terasa menyenangkan, bahkan tidak akan terlupakan! Selamat menikmati!"
Srigunting Park,Gau - Tama,5.0,"Taman Srigunting Bagi para pelancong di kawasan kota lama Semarang rasanya kurang lengkap jika belum berkunjung atau minimal berfoto di taman kecil ini. Terletak di tengah tengah kawasan kota lama, taman ini tidak kalah menarik nya dengan bangunan tua disekitarmya. Kita bisa istirahat sembari mengobrol setelah berkeliling di kawasan kota lama disini. Banyak spot foto yang instagramable di taman ini. Ada juga persewaan sepeda ontel untuk berkeliling di sini. Bagi pelancong yang hobi jajan jangan pasti seneng sekali karena disekitar taman banyak sekali penjaja jajan snak atau makanan kecil"
Srigunting Park,Ahmad Dzulfiqar,5.0,"Taman di tengah Kota Lama, Semarang. Tempatnya cukup sejuk, banyak kursi juga di sini. Terdapat kran yang bisa langsung minum juga. Taman Srigunting ini diapit oleh Gereja dan juga Cafe. Malam hari disini juga cukup bagus, karena ada lampu-lampu yang menerangi. Di sekitar taman, banyak spot foto juga."
Srigunting Park,Dinda Ayu Imaningrum,5.0,Dulunya sebelum jadi Taman Srigunting seperti yang kalian lihat skrg.. dulunya adalah areal pemakaman.. Mau tau kelanjutannya ? Silahkan kunjungi kota lama Semarang dan sekitarnya
Srigunting Park,Yeremia petra sigalingging,5.0,"Suasananya tamannya sejuk, indah dan tertata rapi. Cocok untuk melihat suasana kota lama di Taman Srigunting. Dan juga di taman Srigunting terdapat miniatur seperti becak, sepeda, dll untuk dijadikan berswafoto. Mantapp ğŸ‘ğŸ‘"
Srigunting Park,henry bpkp,5.0,Untuk istirahat akhir pekan dan foto di sekitar kota lama
Srigunting Park,Nova Ariyanto,5.0,"Taman yg cukup asri di kota lama Semarang. Keberadaan taman yg berdekatan dg bangunan-bangunan tua menjadikannya kerap dijujugi oleh para pelancong yg hendak berswafoto dg latar taman dan Gereja Blenduk. Kebersihan taman cukup terjaga. Fasilitas penunjangnya pun bisa dibilang lengkap. Ada bangku-bangku, area bermain anak, tempat dudukan dari batu, papan indeks cuaca digital, dan kran air siap minum. Hanya saja yg disebut terakhir kerap mengalami kerusakan. Jika akhir pekan tiba, kompleks di sekitar taman bisa dipastikan akan dipenuhi oleh wisatawan. Mereka yg hanya berswafoto, adakala taman ini juga kerap dijadikan tempat mengadem sembari melihati keelokan bangunan peninggalan kolonial."
Srigunting Park,Dyas Eka,5.0,Sore-sore paling enak duduk santai di taman ini sih. Kota Lama Semarang bikin betah!
Srigunting Park,Munasprok Indonesia,5.0,"Taman nya sejuk enak,dan pas dj pusat"
Srigunting Park,Mizanul Haq,5.0,"Ada satu lagi taman yang sering kali dijadikan tempat bersantai dan nongkrong di akhir pekan masyarakat Semarang. ya, Taman Srigunting. Di sana selain untuk duduk-duduk bersama orang tercinta bisa juga untuk menjajal jajanan khas bahkan makanan khas Semarang di sekitar sana. Tempat wisata Semarang ini terbilang cukup asri dan juga terjaga kebersihannya. Bahkan karena letaknya yang bersebelahan dengan Gereja Blenduk, menjadikannya tempat dengan spot foto yang menarik."
Srigunting Park,alfath film,5.0,"Taman srigunting yg terletak di kawasan kota lama semarang, bersebelahan dengan gereja blendhuk, merupakan lahan hijau, sangat cocok buat melepas lelah dibawah pohon yg rindang, selain itu ada spot poto yg menarik utk diabadikan. Tempatnya bersih, nyaman, dan pastinya aman."
Srigunting Park,Diah Kurnia Sari,5.0,"taman sri gunting , di dekatnya banyak cafe cafe , spot foto dengan nuansa jaman dahulu , banyak orang berlalu lalang , mengenang bangunan jaman dulu , bersih , indah , rapi , unik , ayo ke semarang"
Srigunting Park,Feila Tan,4.0,"Dua tahun lalu kesini, areanya mirip kota tua. Ada banyak spot bagus buat kamu yang suka foto vintage. Terus juga ada becak dan sepeda jadul buat properti foto. Tinggal sumbang seikhlasnya. Dan di sekitar situ banyak toko barang antik kayak koin-koin hingga elektronik jadul"
Srigunting Park,IG zonanyemil,4.0,"Di taman ini konon terdapat banyak makam, sebelum kemudian dipindah ke Ambarawa dan lokasinya dibangun taman. Kaum elit sering nongkrong di sini karena di sini dulunya adalah pusat keramaian dan perbelanjaan. Ada sebuah Toko Emas tua di Semarang yang merupakan salah satu toko yang kerap di kunjungi orang-orang kaya pada jaman itu. Lokasinya tidak jauh dari taman ini, tepatnya di Sebrang gedung musium 3D. Sebuah bangunan dua lantai berteras yang berada tepat di depan gang saat kita hendak memasuki ""Rumah Akar""."
Srigunting Park,Ahwan Badri AWAN,5.0,Jalan2 ke taman
Srigunting Park,Kinkinta K,5.0,"Taman yang paling asik buat didatengin. Siang teduh, malam pun rame."
Srigunting Park,Nettie Suhartie,4.0,Panas panas selfi di kota lama semarang
Srigunting Park,Rabecca Sinanu,5.0,Spot foto dekat gereja blenduk letak di taman persis. Banyak yg kesini tiap akhir pekan n bayar spot foto sukarela.
Srigunting Park,Haribertus Anang Setapen,5.0,"Tempatnya cocok buat nongkrong, teduh karena banyak pohon rindangnya, lebih asyik lagi ada iringan musik nya dari speaker di teman."
Srigunting Park,Wihandono Yogo,5.0,Public space and ruang terbuka hijau yang cukup rindang utk sekedar beristirahat maupun foto-foto
Srigunting Park,susi susanti,3.0,"Tempatnya bersih,dan nyaman buat ngobrol santuy:)"
Srigunting Park,El Fuego,5.0,"Tempat yang asik buat nongktong, nyantaiâ€¦ siang atupun malem."
Srigunting Park,Susetyo Mahasiswa STEKOM STMIK,5.0,Taman ini berada di kota lama semarangKalo malam selalu ramai
Srigunting Park,Wildan Azhar Mayzan,3.0,Rame klo sore dan malam hari
Srigunting Park,laundry sidoarjo,5.0,Tamannya kecee banget
Srigunting Park,Tri Uji Rachmawati,5.0,"Tamannya rapi, lengkap dengan cctv ğŸ˜ƒ"
Srigunting Park,Kawi Boedisetio,4.0,"Taman di dekat Gereja Blenduk, pusat berkumpulnya pengunjung di akhir pekan"
Srigunting Park,Amin Doank,5.0,"Seru untuk ngobrol.,tempat nyaman rekomend kalau malam hari,,siang panasss"
Srigunting Park,Rofiq achmad video,5.0,Aku pemandu wisata kota lama semarang yang juga menjadi pedagang di pasar antik semarang
